Local time,Open,High,Low,Close,Volume
2020-01-02,1519.425,1540.968,1518.395,1538.715,49948575.1093
2020-01-03,1538.698,1553.515,1538.288,1551.515,63271261.0962
2020-01-06,1576.025,1579.278,1555.248,1559.165,64913773.0299
2020-01-07,1559.168,1611.325,1558.965,1593.105,92783461.3324
2020-01-08,1593.075,1595.338,1552.178,1558.325,86883889.7943
2020-01-09,1558.325,1558.905,1540.105,1547.035,53422326.7437
2020-01-10,1547.025,1563.008,1546.185,1561.785,45402384.9962
2020-01-13,1555.645,1556.365,1535.828,1538.875,50524752.9744
2020-01-14,1538.875,1552.825,1536.058,1551.965,62398579.2994
2020-01-15,1551.945,1558.148,1546.888,1555.735,64629083.3952
2020-01-16,1555.715,1557.415,1547.975,1555.588,45845895.0222
2020-01-17,1555.588,1561.155,1554.005,1556.945,34347874.4626
2020-01-21,1566.458,1567.148,1546.238,1552.935,65426973.2832
2020-01-22,1552.925,1563.675,1550.408,1558.795,48693980.4257
2020-01-23,1558.805,1567.848,1551.798,1559.675,51808886.1705
2020-01-24,1559.665,1575.785,1556.455,1571.455,61637475.133
2020-01-27,1579.028,1586.198,1575.798,1579.555,73419889.8675
2020-01-28,1579.595,1582.218,1563.335,1565.385,58831909.2394
2020-01-29,1565.365,1580.765,1564.798,1578.938,63366519.6299
2020-01-30,1579.028,1585.888,1570.905,1571.655,76028083.0264
2020-01-31,1571.635,1590.528,1571.505,1589.325,77116697.2519
2020-02-03,1580.845,1581.175,1569.188,1575.105,49744696.7957
2020-02-04,1575.105,1575.705,1548.965,1557.155,50810492.1879
2020-02-05,1557.128,1562.368,1547.425,1553.068,47743425.25
2020-02-06,1553.078,1569.065,1552.385,1565.688,53759390.1458
2020-02-07,1565.678,1574.008,1559.875,1570.198,69659544.766
2020-02-10,1572.058,1576.928,1566.838,1568.705,44901565.9988
2020-02-11,1568.705,1573.978,1561.925,1567.135,56232030.1084
2020-02-12,1567.138,1574.228,1561.728,1573.708,50446164.8464
2020-02-13,1573.708,1578.248,1571.788,1574.595,59734619.6473
2020-02-14,1574.595,1584.948,1573.835,1583.648,37686949.9087
2020-02-18,1586.348,1605.018,1584.968,1601.805,61125560.2242
2020-02-19,1601.805,1612.888,1601.535,1609.465,59033360.7195
2020-02-20,1609.455,1626.475,1603.785,1625.995,60917308.062
2020-02-21,1625.995,1649.165,1625.575,1643.148,72369080.0667
2020-02-24,1662.315,1689.255,1642.755,1655.535,120135278.1059
2020-02-25,1655.535,1658.375,1624.898,1641.465,143218138.5756
2020-02-26,1641.445,1654.895,1624.785,1652.258,125159202.5758
2020-02-27,1652.268,1660.368,1634.745,1638.795,194523175.9547
2020-02-28,1638.728,1642.278,1562.848,1585.435,124043447.0175
2020-03-02,1600.308,1610.958,1583.845,1600.058,201825285.1965
2020-03-03,1600.048,1652.548,1593.438,1643.018,199712960.6008
2020-03-04,1643.018,1649.265,1631.798,1639.648,165432864.1891
2020-03-05,1639.648,1679.158,1637.078,1678.358,155071236.1336
2020-03-06,1678.315,1692.088,1642.128,1673.548,151207984.805
2020-03-09,1681.345,1685.718,1657.308,1666.585,131119467.616
2020-03-10,1666.575,1668.175,1641.495,1658.785,115173969.7456
2020-03-11,1658.815,1671.158,1630.708,1636.898,115479408.0257
2020-03-12,1636.875,1645.448,1551.265,1559.975,119993241.5484
2020-03-13,1559.985,1597.825,1504.398,1529.348,119352144.4794
2020-03-16,1547.925,1550.755,1451.148,1500.768,113239871.5018
2020-03-17,1500.718,1553.808,1465.468,1532.278,120081833.7204
2020-03-18,1532.268,1532.905,1464.898,1469.278,117182420.969
2020-03-19,1469.188,1496.058,1454.898,1483.678,83869800.21
2020-03-20,1483.678,1516.045,1479.175,1498.698,64229356.5274
2020-03-23,1493.385,1584.328,1484.978,1571.548,79035259.5449
2020-03-24,1571.428,1639.18,1557.015,1614.798,48110557.9138
2020-03-25,1614.798,1626.925,1594.682,1605.035,43873389.1846
2020-03-26,1605.065,1645.052,1595.748,1624.998,32888823.986
2020-03-27,1625.048,1631.098,1612.838,1626.148,32682690.9187
2020-03-30,1617.078,1627.188,1610.825,1613.925,44073196.6197
2020-03-31,1613.955,1619.448,1567.468,1584.328,43892437.935
2020-04-01,1584.328,1599.988,1571.765,1585.288,52668546.7959
2020-04-02,1585.288,1619.94,1582.818,1613.098,48865260.2436
2020-04-03,1613.088,1625.498,1605.625,1617.048,37528535.7831
2020-04-06,1617.158,1674.828,1615.738,1659.578,50704805.1953
2020-04-07,1659.498,1668.598,1640.398,1648.238,61654760.6289
2020-04-08,1648.248,1656.288,1642.0,1648.658,38371597.2302
2020-04-09,1648.638,1689.948,1646.435,1682.148,42344855.5471
2020-04-10,1682.148,1682.148,1682.148,1682.148,0.0
2020-04-13,1682.185,1725.548,1681.478,1720.108,46743749.201
2020-04-14,1720.158,1747.625,1708.735,1720.698,64611628.2345
2020-04-15,1720.698,1727.538,1707.518,1714.308,52694299.3106
2020-04-16,1714.368,1738.648,1701.58,1705.148,64044927.1201
2020-04-17,1705.148,1708.768,1679.125,1681.998,57956963.0624
2020-04-20,1681.408,1702.138,1673.138,1688.808,52897623.6282
2020-04-21,1688.688,1697.796,1659.298,1682.898,63623366.6538
2020-04-22,1682.898,1719.648,1679.908,1710.048,66203356.0278
2020-04-23,1710.158,1738.558,1709.568,1723.418,62219750.9707
2020-04-24,1723.498,1736.208,1710.508,1727.698,56554047.2267
2020-04-27,1721.665,1723.668,1695.635,1698.178,74475761.3538
2020-04-28,1698.178,1714.568,1691.678,1710.068,76422551.4831
2020-04-29,1710.098,1717.398,1697.805,1712.458,65891838.491
2020-04-30,1712.458,1721.598,1681.068,1688.073,68345308.0058
2020-05-01,1688.075,1705.068,1670.418,1698.818,75964082.3903
2020-05-04,1699.938,1713.228,1696.338,1698.198,46950266.1825
2020-05-05,1698.198,1711.568,1689.788,1702.315,49663304.627
2020-05-06,1702.285,1708.071,1681.308,1691.688,51789380.4314
2020-05-07,1691.688,1721.888,1684.178,1715.448,58198148.1908
2020-05-08,1715.438,1723.148,1700.545,1701.408,58239247.2029
2020-05-11,1707.758,1709.358,1691.825,1700.375,66040082.3653
2020-05-12,1700.375,1710.698,1698.3,1702.808,61624889.1354
2020-05-13,1702.818,1719.568,1699.348,1713.428,71676472.0085
2020-05-14,1713.558,1736.348,1710.828,1732.058,66258695.6619
2020-05-15,1731.868,1751.398,1729.968,1741.628,69023330.6884
2020-05-18,1760.868,1765.018,1727.458,1736.668,77697827.101
2020-05-19,1736.638,1751.015,1726.205,1749.188,86023236.4534
2020-05-20,1749.188,1753.735,1737.605,1741.338,78974285.841
2020-05-21,1741.338,1743.665,1717.155,1727.375,73651337.4746
2020-05-22,1727.385,1739.955,1725.688,1733.648,50838459.6704
2020-05-26,1734.768,1735.028,1707.438,1708.428,68273516.655
2020-05-27,1708.498,1715.255,1693.598,1714.308,65372144.8182
2020-05-28,1714.358,1727.428,1710.858,1719.908,65613654.1368
2020-05-29,1719.915,1737.773,1716.658,1728.695,55926483.8098
2020-06-01,1739.028,1744.525,1727.553,1739.268,63355099.38
2020-06-02,1739.268,1745.008,1720.455,1725.098,68362854.8385
2020-06-03,1725.098,1726.548,1689.245,1702.938,80118689.7756
2020-06-04,1702.938,1721.863,1697.885,1708.448,68656260.0732
2020-06-05,1708.418,1713.248,1670.745,1684.758,77930439.2338
2020-06-08,1688.215,1704.626,1686.128,1695.255,67748968.0052
2020-06-09,1695.245,1720.668,1692.025,1715.055,72290112.2569
2020-06-10,1715.035,1739.798,1707.695,1731.405,66886667.4303
2020-06-11,1731.445,1744.575,1721.445,1726.045,75061530.292
2020-06-12,1726.045,1742.948,1725.985,1729.728,60315480.59
2020-06-15,1729.108,1732.725,1704.025,1728.515,80778680.4434
2020-06-16,1728.485,1732.748,1716.535,1726.325,76395199.299
2020-06-17,1726.305,1730.258,1712.548,1725.858,61102505.5053
2020-06-18,1725.878,1737.438,1717.435,1725.778,58909964.502
2020-06-19,1725.795,1745.168,1725.615,1743.268,54408066.7493
2020-06-22,1752.318,1763.058,1742.598,1751.388,84079563.379
2020-06-23,1751.388,1773.498,1747.295,1767.768,73205332.6366
2020-06-24,1767.768,1779.388,1753.548,1763.695,80350711.8821
2020-06-25,1763.685,1768.785,1755.258,1760.638,62913853.9729
2020-06-26,1760.638,1771.948,1747.368,1770.898,66159879.5653
2020-06-29,1772.458,1774.855,1765.538,1770.598,52215685.159
2020-06-30,1770.475,1785.85,1764.425,1783.728,61014809.3105
2020-07-01,1783.688,1789.008,1758.948,1768.785,65472887.9333
2020-07-02,1768.825,1779.425,1757.438,1775.508,55683885.0975
2020-07-06,1772.048,1787.038,1771.365,1784.425,52786042.0048
2020-07-07,1784.375,1797.358,1773.398,1794.245,63340684.9503
2020-07-08,1794.245,1817.848,1792.368,1809.295,58208338.8268
2020-07-09,1809.295,1815.855,1795.258,1801.155,61263309.5684
2020-07-10,1801.165,1810.496,1793.935,1798.088,44733978.3907
2020-07-13,1803.158,1813.198,1795.738,1797.548,56787416.9053
2020-07-14,1797.668,1811.108,1790.418,1808.875,59507099.2708
2020-07-15,1808.865,1814.916,1802.228,1809.718,56518067.2407
2020-07-16,1809.618,1811.335,1794.788,1798.965,54783191.3233
2020-07-17,1798.965,1811.878,1798.088,1809.248,32916823.0296
2020-07-20,1807.655,1820.438,1807.225,1819.648,51861380.3981
2020-07-21,1819.615,1865.738,1817.078,1857.048,77115345.2991
2020-07-22,1856.988,1876.415,1846.235,1868.385,85193875.0743
2020-07-23,1868.405,1898.228,1867.655,1889.798,97848760.903
2020-07-24,1889.768,1906.458,1882.275,1901.098,62856117.2484
2020-07-27,1931.748,1980.98,1929.718,1943.548,123935513.9732
2020-07-28,1943.328,1963.928,1906.645,1952.848,95824115.3955
2020-07-29,1952.848,1980.798,1941.328,1964.945,77670645.1178
2020-07-30,1964.885,1971.458,1939.245,1969.265,95354957.9979
2020-07-31,1969.205,1984.218,1959.718,1975.568,74872087.0019
2020-08-03,1973.698,1978.488,1960.378,1973.845,66488043.785
2020-08-04,1973.855,2030.815,1966.725,2013.085,82716722.25
2020-08-05,2013.055,2055.648,2011.448,2042.985,90979746.1035
2020-08-06,2042.958,2074.798,2041.043,2056.418,93558404.207
2020-08-07,2056.698,2064.485,2015.385,2034.298,100805954.0987
2020-08-10,2029.388,2049.748,2014.605,2020.235,85389054.8946
2020-08-11,2020.225,2021.365,1872.478,1885.078,131210335.4929
2020-08-12,1885.048,1949.548,1862.318,1935.208,122404230.8329
2020-08-13,1935.208,1966.165,1920.008,1948.648,103104042.0533
2020-08-14,1948.788,1956.818,1932.025,1943.998,78252408.1468
2020-08-17,1941.128,1995.828,1940.898,1990.755,88810286.16420001
2020-08-18,1990.785,2015.498,1975.898,1993.935,95935110.9269
2020-08-19,1993.955,1998.025,1924.528,1949.475,111552565.6937
2020-08-20,1949.485,1955.765,1924.688,1949.745,101924664.4974
2020-08-21,1949.745,1951.535,1911.238,1939.618,87621747.7322
2020-08-24,1931.655,1961.788,1923.608,1936.068,82713085.3533
2020-08-25,1936.068,1937.165,1914.105,1925.538,78763044.7147
2020-08-26,1925.538,1954.918,1902.678,1942.548,84655295.0142
2020-08-27,1942.628,1976.578,1909.778,1940.688,92329366.5051
2020-08-28,1940.688,1973.718,1938.778,1964.428,78981869.1613
2020-08-31,1970.075,1989.415,1954.125,1983.985,78276144.5645
2020-09-01,1983.975,1992.298,1958.678,1964.755,84616319.2986
2020-09-02,1964.755,1971.768,1932.428,1945.625,86742302.8945
2020-09-03,1945.635,1946.398,1921.658,1936.428,93582080.0065
2020-09-04,1936.408,1947.655,1916.198,1933.298,71380754.6498
2020-09-08,1923.655,1940.748,1906.428,1930.085,66314365.6255
2020-09-09,1930.085,1950.775,1919.935,1946.605,49179585.0992
2020-09-10,1946.595,1966.398,1937.008,1940.435,65112954.4378
2020-09-11,1940.488,1954.658,1937.598,1938.928,53898054.7788
2020-09-14,1949.035,1966.958,1939.878,1964.578,52270789.3549
2020-09-15,1964.608,1972.028,1948.278,1959.308,55258374.7804
2020-09-16,1959.308,1973.468,1937.578,1939.478,70643917.7391
2020-09-17,1939.478,1955.435,1932.745,1951.835,60511989.652899995
2020-09-18,1951.855,1959.898,1944.985,1949.718,44504654.5266
2020-09-21,1953.148,1954.798,1882.375,1911.518,82967062.4136
2020-09-22,1911.568,1917.458,1892.628,1892.958,75702076.614
2020-09-23,1892.938,1894.865,1853.448,1855.975,99353270.1732
2020-09-24,1855.955,1876.988,1848.635,1869.008,81027954.8765
2020-09-25,1869.008,1875.075,1852.298,1860.998,62114915.0133
2020-09-28,1861.068,1887.158,1848.455,1882.808,64794319.8085
2020-09-29,1882.828,1899.235,1875.308,1889.178,62875875.652
2020-09-30,1889.178,1902.115,1881.238,1892.298,67802020.0134
2020-10-01,1892.318,1912.028,1891.068,1894.425,68995155.6923
2020-10-02,1894.425,1916.975,1889.638,1898.868,54798800.2898
2020-10-05,1892.608,1918.575,1886.898,1911.905,51478869.7958
2020-10-06,1911.908,1921.018,1872.748,1882.758,67122296.9296
2020-10-07,1882.758,1897.898,1879.078,1885.198,50161199.8677
2020-10-08,1885.198,1912.788,1881.938,1910.768,51304870.2778
2020-10-09,1910.748,1930.325,1905.548,1929.618,47701595.7236
2020-10-13,1911.355,1924.998,1882.395,1895.948,67538211.82259999
2020-10-14,1895.965,1912.828,1891.778,1898.148,54610319.9721
2020-10-15,1898.198,1910.588,1889.438,1905.818,56709220.1713
2020-10-16,1905.858,1913.808,1897.658,1898.968,40832480.4303
2020-10-19,1900.945,1918.338,1894.618,1900.908,50909779.6084
2020-10-20,1900.878,1920.345,1897.418,1917.608,49837204.9329
2020-10-21,1917.608,1931.298,1910.585,1913.638,53996669.8288
2020-10-22,1913.638,1920.278,1894.208,1906.328,50144460.7377
2020-10-23,1906.328,1914.108,1894.198,1901.258,39206690.1325
2020-10-26,1898.178,1910.218,1894.785,1907.518,51920230.2696
2020-10-27,1907.518,1911.348,1897.718,1906.625,45753789.9614
2020-10-28,1906.615,1910.768,1869.208,1881.685,70792300.582
2020-10-29,1881.685,1884.858,1859.868,1876.068,69098580.2412
2020-10-30,1876.078,1889.698,1866.578,1878.438,59303919.7325
2020-11-02,1880.378,1898.508,1880.298,1891.615,59917069.7334
2020-11-03,1891.668,1916.228,1880.635,1898.755,67143689.7519
2020-11-04,1898.678,1912.088,1886.985,1906.158,65217343.39
2020-11-05,1906.195,1952.648,1905.395,1936.778,80398453.1163
2020-11-06,1936.768,1960.198,1936.228,1950.298,53318020.94
2020-11-09,1962.448,1965.415,1850.398,1883.518,93661967.635
2020-11-10,1883.508,1890.238,1867.335,1879.908,70817583.6206
2020-11-12,1869.845,1883.698,1863.098,1877.178,58159280.0617
2020-11-13,1877.168,1896.658,1875.668,1888.288,44614444.1961
2020-11-16,1895.568,1895.948,1864.498,1888.398,60251866.9365
2020-11-17,1888.397,1893.325,1875.548,1879.358,55483185.828
2020-11-18,1879.368,1884.718,1863.508,1866.778,61618752.599
2020-11-19,1866.778,1868.148,1852.568,1867.525,58442289.4121
2020-11-20,1867.535,1879.618,1861.0,1870.318,41644859.6716
2020-11-23,1873.545,1876.038,1821.188,1824.355,66602494.7761
2020-11-24,1824.625,1832.855,1799.988,1804.528,69639490.30680001
2020-11-25,1804.588,1817.578,1802.535,1810.578,52086539.5962
2020-11-27,1807.72,1811.368,1774.218,1786.648,38091613.1734
2020-11-30,1769.818,1787.038,1764.518,1784.138,56698929.8164
2020-12-01,1784.138,1817.178,1783.585,1809.388,56443152.7256
2020-12-02,1809.408,1837.158,1807.405,1835.885,50118258.1186
2020-12-03,1835.928,1844.688,1823.648,1840.638,52244375.0798
2020-12-04,1840.638,1848.088,1828.988,1838.208,50229390.7405
2020-12-07,1838.848,1871.718,1821.808,1870.018,49495047.3309
2020-12-08,1870.018,1875.168,1855.538,1860.385,44488430.5897
2020-12-09,1860.375,1866.065,1825.363,1840.058,57311644.9713
2020-12-10,1840.078,1849.958,1828.528,1837.408,48062989.4136
2020-12-11,1837.408,1847.648,1823.843,1838.998,36306419.9685
2020-12-14,1835.755,1838.918,1818.268,1835.695,44317519.9629
2020-12-15,1835.705,1858.258,1834.848,1856.815,40364317.2981
2020-12-16,1856.798,1868.515,1844.663,1868.265,58099219.7692
2020-12-17,1868.255,1896.118,1866.038,1884.695,55846511.9601
2020-12-18,1884.695,1889.538,1877.275,1880.838,38676859.8558
2020-12-21,1899.755,1906.638,1854.955,1880.605,74703735.32180001
2020-12-22,1880.595,1881.385,1858.845,1866.758,56763363.8383
2020-12-23,1866.758,1879.888,1856.938,1875.198,47926090.9854
2020-12-24,1875.298,1883.465,1869.378,1879.125,18477079.9279
2020-12-28,1894.568,1896.378,1869.018,1877.115,45375615.0009
2020-12-29,1877.105,1886.278,1871.595,1885.368,38921664.3868
2020-12-30,1885.318,1899.808,1875.965,1888.725,34512629.6878
2020-12-31,1888.695,1900.88,1885.308,1897.765,25129199.7435
2021-01-04,1922.595,1945.495,1918.984,1939.555,55783632.8447
2021-01-05,1939.555,1955.178,1936.828,1944.518,52730550.2294
2021-01-06,1944.578,1959.225,1900.755,1917.668,70103887.0809
2021-01-07,1917.568,1927.518,1906.4,1909.208,54996899.7239
2021-01-08,1909.215,1911.585,1828.038,1848.508,69015853.7627
2021-01-11,1834.035,1855.346,1828.968,1850.655,61748556.882
2021-01-12,1850.615,1863.738,1836.558,1859.598,56125978.8574
2021-01-13,1859.598,1862.595,1828.518,1840.145,58928854.1673
2021-01-14,1840.155,1857.392,1835.988,1853.178,50300020.2478
2021-01-15,1853.178,1856.848,1823.235,1827.478,50818907.4992
2021-01-19,1839.575,1850.765,1832.843,1849.418,54466529.7866
2021-01-20,1849.408,1872.585,1832.272,1870.858,70752424.5382
2021-01-21,1870.858,1874.915,1858.131,1863.855,67640410.1251
2021-01-22,1863.855,1863.855,1837.195,1855.198,57972895.0858
2021-01-25,1854.315,1867.735,1847.025,1856.325,72477368.8315
2021-01-26,1856.335,1859.885,1843.268,1847.325,65430064.7972
2021-01-27,1847.317,1853.096,1831.227,1837.055,83379273.0568
2021-01-28,1837.045,1863.915,1833.985,1842.708,94873844.1467
2021-01-29,1842.708,1875.522,1841.425,1847.048,97292629.9573
2021-02-01,1860.267,1871.636,1852.625,1853.985,108306855.5594
2021-02-02,1853.985,1857.056,1829.317,1840.458,96472099.4233
2021-02-03,1840.458,1842.745,1820.998,1822.215,75076854.7657
2021-02-04,1822.215,1827.048,1784.888,1795.158,84892812.4308
2021-02-05,1795.174,1815.016,1793.325,1814.048,62176045.5372
2021-02-08,1810.635,1843.138,1807.665,1841.095,73817075.7293
2021-02-09,1841.105,1848.47,1831.945,1843.815,74078272.0446
2021-02-10,1843.815,1855.232,1833.895,1835.622,65481512.9635
2021-02-11,1835.632,1847.402,1819.128,1822.382,58475095.6893
2021-02-12,1822.392,1830.615,1810.395,1823.648,52238809.9435
2021-02-16,1824.375,1825.518,1786.455,1792.855,80883148.3124
2021-02-17,1792.825,1793.805,1769.418,1782.605,82790355.44409999
2021-02-18,1782.625,1789.465,1760.44,1767.745,80915284.5145
2021-02-19,1767.735,1791.405,1767.625,1783.398,69849145.6508
2021-02-22,1784.695,1815.875,1784.685,1812.565,83472800.2548
2021-02-23,1812.545,1814.585,1795.425,1809.105,84861579.2991
2021-02-24,1809.115,1810.135,1783.445,1797.875,88966039.8961
2021-02-25,1797.865,1801.165,1765.001,1767.815,125387221.9326
2021-02-26,1767.825,1769.975,1717.09,1733.188,94924925.9234
2021-03-01,1749.765,1759.715,1707.066,1713.306,99856549.0245
2021-03-02,1713.306,1740.446,1710.606,1735.135,74999790.25129999
2021-03-03,1735.135,1735.845,1701.797,1714.935,88229989.8267
2021-03-04,1714.935,1723.104,1687.194,1691.995,107481169.9391
2021-03-05,1691.995,1707.669,1687.138,1699.398,74755014.5386
2021-03-08,1707.655,1709.405,1676.696,1687.475,86535179.4959
2021-03-09,1687.475,1720.469,1687.078,1712.974,80280100.1072
2021-03-10,1712.974,1734.508,1708.141,1732.118,77226118.6242
2021-03-11,1732.118,1739.735,1716.744,1718.758,79173420.6677
2021-03-12,1718.808,1729.158,1699.078,1726.958,64564225.6736
2021-03-15,1727.715,1734.418,1721.554,1733.479,66750175.3567
2021-03-16,1733.458,1741.147,1726.114,1735.778,60380379.796
2021-03-17,1735.777,1755.408,1724.018,1748.878,80775980.2938
2021-03-18,1748.898,1752.764,1719.115,1731.604,82913364.6487
2021-03-19,1731.604,1746.538,1730.0,1744.858,65575729.9662
2021-03-22,1740.506,1742.988,1727.238,1735.585,73042409.7181
2021-03-23,1735.585,1742.378,1723.624,1731.608,76971076.3694
2021-03-24,1731.598,1739.049,1727.068,1735.248,67275754.5707
2021-03-25,1735.258,1745.388,1721.589,1724.815,83165064.4539
2021-03-26,1724.785,1736.648,1721.498,1731.808,56222599.8045
2021-03-29,1729.305,1729.705,1704.605,1707.305,63511880.4575
2021-03-30,1707.298,1708.448,1677.788,1679.385,79847795.3074
2021-03-31,1679.325,1715.258,1678.485,1712.728,70222800.0761
2021-04-01,1712.718,1730.465,1710.035,1728.805,53050264.6567
2021-04-02,1728.805,1728.805,1728.805,1728.805,0.0
2021-04-05,1724.845,1735.338,1721.148,1733.348,50195823.3713
2021-04-06,1733.348,1745.318,1727.658,1738.145,60255650.2222
2021-04-07,1738.145,1743.095,1730.518,1738.538,55953829.3483
2021-04-08,1738.528,1758.565,1738.528,1753.058,56407634.6753
2021-04-09,1753.068,1753.495,1731.168,1743.028,51729963.0044
2021-04-12,1738.565,1744.938,1727.318,1731.665,62005537.1523
2021-04-13,1731.665,1749.218,1723.578,1743.818,66891319.8708
2021-04-14,1743.808,1748.788,1732.505,1738.338,64969265.4015
2021-04-15,1738.338,1769.525,1737.709,1763.105,69438825.369
2021-04-16,1763.115,1783.748,1761.435,1775.748,57615972.8168
2021-04-19,1777.178,1789.968,1765.488,1773.168,71948595.8217
2021-04-20,1773.198,1784.608,1763.505,1781.948,70613529.9204
2021-04-21,1781.945,1797.748,1777.638,1793.298,69618874.5799
2021-04-22,1793.348,1794.688,1777.328,1785.938,77319855.95809999
2021-04-23,1785.978,1795.858,1769.865,1776.818,61271264.7319
2021-04-26,1780.978,1783.978,1768.617,1779.728,65107678.1751
2021-04-27,1779.758,1785.458,1766.325,1771.758,67433709.4427
2021-04-28,1771.758,1789.875,1762.498,1784.468,75848698.1395
2021-04-29,1784.488,1785.767,1756.028,1766.208,80190288.0667
2021-04-30,1766.198,1773.178,1764.108,1768.428,61677075.5052
2021-05-03,1774.748,1797.798,1772.228,1789.635,63696195.3642
2021-05-04,1789.635,1798.878,1770.638,1782.615,82189785.0036
2021-05-05,1782.615,1790.065,1770.228,1789.668,80076649.9343
2021-05-06,1789.668,1822.158,1787.788,1820.428,73087771.2967
2021-05-07,1820.418,1843.175,1817.158,1830.618,83442180.8721
2021-05-10,1832.468,1845.296,1831.258,1834.668,94214179.5754
2021-05-11,1834.555,1841.718,1817.875,1826.968,89142896.0561
2021-05-12,1826.938,1843.598,1813.145,1817.226,111376119.4943
2021-05-13,1817.226,1828.678,1808.656,1822.378,104215223.5507
2021-05-14,1822.305,1845.85,1821.955,1842.688,70332314.5508
2021-05-17,1851.258,1873.755,1843.928,1868.078,76630011.5586
2021-05-18,1868.058,1874.848,1863.105,1868.595,57221702.1584
2021-05-19,1868.585,1890.022,1852.095,1875.678,67394344.7471
2021-05-20,1875.678,1883.758,1865.105,1874.368,47907042.9205
2021-05-21,1874.358,1889.228,1869.998,1880.898,41047734.7971
2021-05-24,1883.395,1886.225,1872.614,1879.148,54593870.0436
2021-05-25,1879.134,1907.638,1873.208,1905.248,75851860.4637
2021-05-26,1905.248,1912.648,1890.588,1896.458,74277455.3298
2021-05-27,1896.504,1903.478,1888.188,1893.625,81832205.3255
2021-05-28,1893.615,1905.798,1882.135,1902.648,51373385.0122
2021-06-01,1911.388,1916.485,1892.265,1897.865,59918276.6079
2021-06-02,1897.865,1909.498,1894.228,1904.928,50360935.0322
2021-06-03,1904.878,1904.928,1855.315,1869.998,73169670.5818
2021-06-04,1869.998,1896.098,1865.488,1890.708,53657365.2327
2021-06-07,1887.208,1903.238,1881.415,1895.868,55307959.7949
2021-06-08,1895.858,1903.688,1883.618,1894.358,61151845.187
2021-06-09,1894.358,1898.918,1884.138,1887.178,55362607.5986
2021-06-10,1887.144,1900.818,1869.668,1899.0,67113266.4681
2021-06-11,1899.0,1902.948,1874.378,1877.048,50498403.132
2021-06-14,1865.298,1869.728,1844.478,1863.508,60820225.2986
2021-06-15,1863.388,1869.068,1851.478,1857.775,54385374.9038
2021-06-16,1857.775,1862.928,1803.268,1822.238,75323179.4836
2021-06-17,1822.098,1822.188,1767.128,1785.718,98003534.2573
2021-06-21,1774.448,1789.995,1766.378,1788.838,78730974.79360001
2021-06-22,1788.898,1789.078,1772.228,1781.498,50152800.5601
2021-06-23,1781.578,1794.838,1773.208,1775.798,46252170.0266
2021-06-24,1775.798,1787.848,1772.778,1777.638,32510615.1998
2021-06-25,1777.618,1790.268,1775.638,1780.938,27354230.0761
2021-06-28,1779.138,1785.718,1773.255,1775.038,33330462.873
2021-06-29,1775.028,1778.818,1750.488,1761.008,35231950.0146
2021-06-30,1760.988,1776.048,1753.228,1775.885,35183499.694
2021-07-01,1775.855,1782.678,1768.218,1778.738,35023525.1485
2021-07-02,1778.738,1794.928,1774.108,1786.978,31062794.7152
2021-07-06,1797.418,1814.918,1789.938,1800.918,38246055.0964
2021-07-07,1800.878,1809.648,1796.268,1797.368,35791940.3018
2021-07-08,1797.338,1818.288,1794.177,1805.118,39053644.8362
2021-07-09,1805.118,1812.298,1796.558,1807.838,26311189.6813
2021-07-12,1802.878,1812.598,1791.375,1809.308,32962116.9866
2021-07-13,1809.338,1817.061,1798.508,1812.498,39621495.4553
2021-07-14,1812.488,1829.678,1809.688,1825.478,37188455.0156
2021-07-15,1825.448,1833.976,1820.13,1827.318,34076239.0791
2021-07-16,1827.338,1827.808,1808.868,1811.548,29651720.1065
2021-07-19,1812.968,1819.038,1794.865,1817.208,45502575.0995
2021-07-20,1817.238,1824.898,1804.948,1808.525,37801274.8656
2021-07-21,1808.478,1813.658,1794.608,1798.438,32931620.1061
2021-07-22,1798.428,1808.448,1792.648,1803.008,36023310.0652
2021-07-23,1802.988,1810.218,1789.407,1801.698,28159390.3453
2021-07-26,1806.558,1811.398,1794.565,1799.198,33670887.7683
2021-07-27,1799.208,1807.308,1793.488,1806.158,32054175.0195
2021-07-28,1806.138,1817.408,1792.418,1814.908,34632264.8822
2021-07-29,1814.908,1832.59,1814.388,1828.465,32657960.3254
2021-07-30,1828.448,1831.248,1810.138,1813.398,22649625.212
2021-08-02,1811.976,1819.418,1805.638,1810.725,32796174.9433
2021-08-03,1810.705,1814.908,1807.018,1813.017,24038889.855
2021-08-04,1813.008,1831.605,1806.325,1810.948,31729189.7838
2021-08-05,1810.908,1814.748,1797.708,1800.978,28410649.9258
2021-08-06,1800.897,1801.998,1758.578,1762.568,30725006.0438
2021-08-09,1737.978,1752.498,1723.658,1737.225,38608870.0294
2021-08-10,1737.215,1738.158,1717.598,1733.738,31607815.8318
2021-08-11,1733.788,1754.288,1728.908,1750.528,31692766.9943
2021-08-12,1750.538,1758.038,1741.478,1755.078,28375049.904
2021-08-13,1755.108,1779.848,1754.368,1779.218,25483679.7118
2021-08-16,1776.718,1789.198,1770.699,1785.828,35327494.8895
2021-08-17,1785.858,1795.437,1780.448,1790.178,31398034.5728
2021-08-18,1790.178,1793.638,1774.358,1779.898,29771689.1469
2021-08-19,1779.878,1792.368,1775.558,1785.148,32901454.8063
2021-08-20,1785.148,1788.281,1778.268,1780.458,25827450.2456
2021-08-23,1786.838,1806.378,1784.198,1801.168,27541951.7756
2021-08-24,1801.128,1809.465,1793.438,1794.768,27750174.1052
2021-08-25,1794.748,1797.668,1782.448,1787.758,26875204.9208
2021-08-26,1787.798,1799.148,1779.928,1798.058,31086159.691299997
2021-08-27,1798.038,1819.225,1783.798,1816.158,29456545.1442
2021-08-30,1814.958,1818.098,1807.618,1815.768,20848751.9175
2021-08-31,1815.738,1819.075,1801.598,1815.178,28368269.831
2021-09-01,1815.108,1819.905,1808.575,1811.078,24280908.0783
2021-09-02,1811.048,1817.004,1804.885,1812.448,23432735.1004
2021-09-03,1812.428,1833.908,1810.538,1827.288,27279829.7403
2021-09-07,1823.085,1823.268,1792.298,1797.988,34938690.0515
2021-09-08,1798.008,1802.074,1782.254,1788.188,37255080.402
2021-09-09,1788.188,1800.877,1783.717,1798.058,29913552.0754
2021-09-10,1798.075,1803.754,1786.978,1787.048,31109905.3026
2021-09-13,1792.234,1798.264,1785.144,1790.985,36000441.1492
2021-09-14,1790.985,1808.558,1780.285,1803.404,42107911.5271
2021-09-15,1803.385,1806.798,1790.658,1791.278,34010769.9334
2021-09-16,1791.238,1792.098,1745.218,1757.914,39523015.3799
2021-09-17,1757.914,1767.417,1747.258,1753.488,31132229.7155
2021-09-20,1746.194,1767.048,1744.964,1761.824,35130680.084
2021-09-21,1761.778,1781.658,1757.838,1777.514,40033525.1392
2021-09-22,1777.514,1787.188,1760.668,1764.088,39265955.3289
2021-09-23,1764.078,1776.459,1737.768,1752.178,40540069.7887
2021-09-24,1752.148,1757.557,1740.338,1749.878,31051470.071
2021-09-27,1759.164,1760.628,1744.764,1749.714,43234104.8123
2021-09-28,1749.704,1751.768,1728.008,1740.455,51695989.6386
2021-09-29,1740.455,1745.418,1721.548,1732.858,50905769.8548
2021-09-30,1732.796,1764.086,1722.098,1753.918,52324705.6007
2021-10-01,1753.918,1764.178,1749.655,1760.098,42906155.0797
2021-10-04,1758.678,1770.475,1747.608,1759.848,51475134.9687
2021-10-05,1759.868,1762.928,1748.488,1755.468,42929975.8674
2021-10-06,1755.538,1765.015,1745.77,1760.025,49044260.3231
2021-10-07,1760.025,1766.848,1751.838,1759.188,39359775.1856
2021-10-08,1759.178,1781.228,1754.265,1756.608,33670296.2518
2021-10-12,1758.318,1769.238,1753.865,1761.948,39607460.0515
2021-10-13,1761.928,1796.064,1757.829,1788.538,49385375.2019
2021-10-14,1788.508,1800.458,1788.198,1794.988,33943870.0527
2021-10-15,1794.998,1795.214,1764.748,1766.658,34294294.8342
2021-10-18,1767.644,1774.904,1760.184,1774.664,45004890.278000005
2021-10-19,1774.665,1785.038,1766.744,1773.978,43640966.9517
2021-10-20,1773.984,1789.368,1773.218,1786.286,43117064.9531
2021-10-21,1786.286,1787.998,1776.374,1787.008,45542390.5702
2021-10-22,1787.028,1813.748,1782.788,1791.628,47392009.4071
2021-10-25,1798.338,1809.974,1795.938,1803.134,41364244.7295
2021-10-26,1803.134,1806.448,1782.288,1789.048,37381325.1855
2021-10-27,1789.048,1803.128,1783.374,1798.678,39867274.9698
2021-10-28,1798.674,1810.344,1792.198,1796.848,48827419.8772
2021-10-29,1796.844,1799.062,1771.848,1782.988,40275744.7958
2021-11-01,1784.288,1795.738,1780.884,1791.068,34385390.3115
2021-11-02,1791.058,1796.288,1779.168,1783.118,29668739.7509
2021-11-03,1783.108,1785.548,1758.644,1775.004,35881849.7954
2021-11-04,1775.004,1798.804,1770.664,1792.764,41498880.0287
2021-11-05,1792.794,1818.128,1784.894,1817.588,37323065.0426
2021-11-08,1819.878,1827.088,1812.313,1823.518,35693685.0545
2021-11-09,1823.518,1832.633,1819.043,1826.373,52746095.0613
2021-11-10,1826.283,1868.458,1822.168,1849.138,45947075.5161
2021-11-12,1857.224,1868.568,1845.088,1864.448,30348909.7059
2021-11-15,1858.844,1870.468,1856.318,1865.564,38034260.1536
2021-11-16,1865.558,1877.118,1849.328,1854.054,41678345.4415
2021-11-17,1854.054,1870.814,1851.904,1865.944,35527730.1668
2021-11-18,1865.944,1869.638,1854.948,1862.518,41466255.1882
2021-11-19,1862.434,1865.668,1842.869,1845.175,50172479.808400005
2021-11-22,1847.178,1848.508,1802.144,1807.719,45446415.1859
2021-11-23,1807.719,1809.779,1781.859,1793.558,45126749.8732
2021-11-24,1793.538,1796.285,1778.398,1791.778,36418585.1515
2021-11-26,1797.018,1815.408,1780.358,1792.665,32248604.834
2021-11-29,1792.819,1799.258,1781.008,1788.508,36273189.7236
2021-11-30,1788.518,1808.618,1769.758,1779.348,52362760.0669
2021-12-01,1779.278,1794.41,1776.368,1776.575,45506485.1047
2021-12-02,1776.635,1781.148,1761.815,1772.198,44032261.1925
2021-12-03,1772.178,1785.998,1766.02,1782.788,45184014.6186
2021-12-06,1781.738,1786.008,1775.587,1777.685,40912350.3268
2021-12-07,1777.685,1790.418,1772.168,1789.238,54034069.419
2021-12-08,1789.218,1792.998,1779.478,1785.775,31530017.7934
2021-12-09,1785.765,1787.505,1773.138,1777.955,31812626.0936
2021-12-10,1777.915,1789.398,1769.968,1782.288,26950489.6702
2021-12-13,1786.218,1791.455,1781.698,1785.775,34106619.8051
2021-12-14,1785.828,1788.328,1766.358,1770.608,35497810.065799996
2021-12-15,1770.578,1784.178,1752.928,1781.755,44793514.6093
2021-12-16,1781.788,1804.248,1780.878,1802.575,40840263.1281
2021-12-17,1802.495,1814.148,1795.758,1797.708,26063750.2373
2021-12-20,1801.308,1804.058,1788.188,1792.008,40650955.0212
2021-12-21,1792.008,1800.438,1784.838,1788.635,32698343.0089
2021-12-22,1788.615,1808.378,1785.795,1806.325,31250138.6105
2021-12-23,1806.325,1810.629,1798.778,1808.355,23403389.9307
2021-12-27,1809.218,1813.388,1802.855,1809.908,24079599.8277
2021-12-28,1809.918,1820.099,1803.918,1805.705,24155164.957
2021-12-29,1805.735,1807.318,1789.348,1800.598,27058369.9643
2021-12-30,1800.598,1818.864,1796.058,1817.388,23728045.7916
2022-01-03,1825.038,1827.414,1798.189,1803.318,38589405.2683
2022-01-04,1803.335,1816.688,1798.388,1814.888,36213383.9727
2022-01-05,1814.888,1829.584,1805.058,1805.278,43725935.2207
2022-01-06,1805.408,1807.398,1786.288,1792.478,48151425.0339
2022-01-07,1792.528,1798.515,1782.495,1795.808,35771115.303
2022-01-10,1792.318,1807.768,1790.235,1806.628,42268710.0172
2022-01-11,1806.628,1823.228,1801.638,1818.068,39896190.405
2022-01-12,1818.048,1827.984,1814.578,1825.838,39414459.8243
2022-01-13,1825.838,1828.058,1812.228,1825.874,37734120.1902
2022-01-14,1825.874,1829.048,1814.578,1817.418,34000225.1268
2022-01-18,1817.868,1820.048,1805.658,1811.648,52594957.4709
2022-01-19,1811.608,1843.978,1811.208,1839.728,47832960.0096
2022-01-20,1839.728,1847.804,1835.808,1841.328,49248261.5113
2022-01-21,1841.311,1843.108,1828.384,1834.328,43323369.6221
2022-01-24,1837.758,1844.208,1829.558,1841.868,63254030.3469
2022-01-25,1841.888,1853.748,1834.838,1847.298,49751180.2912
2022-01-26,1847.314,1848.568,1812.908,1815.688,59893957.8535
2022-01-27,1815.708,1816.774,1791.678,1798.448,57002349.9727
2022-01-28,1798.468,1798.745,1780.158,1791.028,48159048.6169
2022-01-31,1787.138,1799.805,1785.935,1799.318,44833165.1391
2022-02-01,1799.298,1808.638,1797.208,1797.425,39030263.3046
2022-02-02,1797.475,1810.718,1794.358,1806.438,40532604.1579
2022-02-03,1806.438,1807.895,1788.538,1806.455,56479209.125
2022-02-04,1806.455,1814.798,1792.018,1807.558,48178828.2991
2022-02-07,1810.408,1823.458,1808.638,1821.298,70159549.5344
2022-02-08,1821.268,1828.664,1815.314,1827.158,53464490.2942
2022-02-09,1827.184,1835.708,1824.538,1833.988,42844030.0822
2022-02-10,1834.028,1841.838,1821.534,1824.088,65236060.0234
2022-02-11,1824.088,1865.378,1820.838,1857.898,59149365.1868
2022-02-14,1851.718,1878.928,1850.698,1877.278,73256230.0563
2022-02-15,1877.278,1879.378,1844.398,1852.768,55662779.8973
2022-02-16,1852.768,1876.204,1851.338,1873.805,56428476.9294
2022-02-17,1873.805,1902.358,1870.371,1890.318,70438239.694
2022-02-18,1890.318,1899.886,1886.478,1897.768,46843040.228
2022-02-22,1907.688,1913.308,1891.268,1896.868,65737900.4361
2022-02-23,1896.868,1949.003,1889.548,1935.533,72041530.311
2022-02-24,1935.523,1974.398,1877.938,1912.048,101037663.1022
2022-02-25,1912.058,1921.198,1882.828,1888.528,61186320.1856
2022-02-28,1911.088,1918.158,1890.768,1905.398,76994069.5763
2022-03-01,1905.398,1950.078,1904.458,1936.213,91077606.976
2022-03-02,1936.208,1947.788,1913.738,1924.461,80066236.4961
2022-03-03,1924.459,1950.903,1921.906,1938.956,87564769.8344
2022-03-04,1938.96,1970.648,1933.918,1969.848,76386269.0925
2022-03-07,1989.568,2002.518,1960.878,1991.088,81220056.5338
2022-03-08,1991.108,2070.358,1989.048,2051.518,90278910.6371
2022-03-09,2051.488,2057.121,1970.508,1977.648,70329473.5552
2022-03-10,1977.648,2009.062,1974.208,1987.888,51798595.2795
2022-03-11,1987.888,1994.842,1958.438,1988.248,35800715.0588
2022-03-14,1975.468,1978.468,1939.465,1942.088,39154743.0157
2022-03-15,1942.058,1942.248,1906.948,1917.938,46054839.8496
2022-03-16,1917.928,1938.138,1894.948,1936.228,49615566.5218
2022-03-17,1936.218,1949.748,1926.708,1935.008,39677820.176
2022-03-18,1934.998,1940.713,1917.798,1921.198,27535160.0051
2022-03-21,1926.318,1941.168,1917.858,1936.558,32705530.0177
2022-03-22,1936.558,1938.268,1910.508,1921.718,36815550.1185
2022-03-23,1921.748,1948.479,1916.888,1938.733,34738293.9755
2022-03-24,1938.733,1966.083,1937.278,1960.741,39888230.0854
2022-03-25,1960.741,1962.408,1942.998,1957.688,41938929.975
2022-03-28,1944.498,1945.523,1916.838,1925.063,57256163.627
2022-03-29,1925.048,1925.398,1889.998,1923.513,58837099.3136
2022-03-30,1923.508,1938.428,1917.108,1924.978,44620940.5065
2022-03-31,1924.928,1949.723,1918.988,1938.053,48352349.8773
2022-04-01,1938.053,1939.358,1917.908,1924.778,34676999.9862
2022-04-04,1918.853,1936.878,1915.328,1928.488,39128739.9231
2022-04-05,1928.478,1944.463,1916.543,1923.768,43210479.6768
2022-04-06,1923.808,1933.348,1915.038,1922.177,53325139.8503
2022-04-07,1922.175,1937.708,1920.378,1930.772,56975969.4934
2022-04-08,1930.738,1948.088,1927.548,1947.138,35664499.879
2022-04-11,1942.742,1969.558,1939.882,1958.908,50496842.1757
2022-04-12,1959.008,1978.508,1949.518,1969.738,47230669.9452
2022-04-13,1969.738,1981.482,1965.593,1973.544,47484930.1577
2022-04-14,1973.544,1979.728,1960.412,1973.218,39641820.0134
2022-04-15,1973.218,1973.218,1973.218,1973.218,0.0
2022-04-18,1984.738,1998.268,1974.728,1978.562,44125514.6264
2022-04-19,1978.558,1981.848,1942.558,1943.928,57198360.0854
2022-04-20,1943.932,1958.208,1939.16,1951.268,50788200.3189
2022-04-21,1951.268,1953.932,1936.632,1950.338,52492130.1604
2022-04-22,1950.338,1955.482,1926.458,1930.708,51091480.1359
2022-04-25,1923.988,1924.323,1891.373,1902.173,61950359.762
2022-04-26,1902.178,1911.108,1895.608,1899.013,51201200.0679
2022-04-27,1898.968,1906.898,1877.498,1878.828,58091100.0074
2022-04-28,1878.818,1905.738,1871.938,1904.228,56438899.4576
2022-04-29,1904.228,1919.838,1894.373,1895.748,48208409.7266
2022-05-02,1888.428,1888.438,1854.468,1862.493,49558029.9198
2022-05-03,1862.468,1877.998,1850.308,1864.578,45066544.1154
2022-05-04,1864.538,1903.263,1861.298,1901.103,52212869.1674
2022-05-05,1901.108,1909.633,1866.001,1876.794,62721591.2938
2022-05-06,1876.806,1892.373,1872.946,1883.148,45791730.1358
2022-05-09,1874.848,1876.128,1851.558,1864.208,55892690.301
2022-05-10,1864.208,1865.278,1831.838,1836.338,53158540.0104
2022-05-11,1836.203,1858.708,1834.898,1852.908,55861099.7498
2022-05-12,1852.938,1853.998,1810.734,1824.778,61316470.6826
2022-05-13,1824.778,1828.678,1798.968,1810.678,38770850.5692
2022-05-16,1810.608,1829.268,1786.638,1822.558,47471240.3415
2022-05-17,1822.538,1835.998,1807.578,1808.358,53266102.0459
2022-05-18,1808.358,1824.614,1807.228,1815.938,48352069.6164
2022-05-19,1815.948,1849.053,1810.798,1841.438,49582982.2125
2022-05-20,1841.428,1849.304,1832.178,1845.738,34289557.9933
2022-05-23,1854.238,1865.334,1846.948,1855.608,36117930.0248
2022-05-24,1855.633,1869.573,1850.294,1862.448,34833341.8666
2022-05-25,1862.548,1863.263,1842.138,1850.688,31161368.7871
2022-05-26,1850.688,1856.313,1840.798,1854.428,35919869.7209
2022-05-27,1854.418,1861.838,1850.453,1852.838,24010200.1877
2022-05-31,1852.098,1857.018,1833.148,1836.593,35530814.9608
2022-06-01,1836.578,1849.894,1828.358,1844.693,33049511.2835
2022-06-02,1844.703,1873.963,1843.978,1868.848,28318220.0341
2022-06-03,1868.828,1869.073,1847.273,1850.338,26401770.0552
2022-06-06,1855.978,1857.748,1836.923,1840.058,31956262.0819
2022-06-07,1840.028,1855.458,1838.398,1846.654,31034159.8092
2022-06-08,1846.654,1859.573,1844.478,1854.953,28884340.1074
2022-06-09,1854.953,1855.138,1839.91,1844.698,32664759.6657
2022-06-10,1844.728,1875.868,1824.948,1871.038,38228029.9366
2022-06-13,1863.404,1867.068,1809.153,1825.318,56312579.334
2022-06-14,1825.338,1831.538,1804.963,1815.518,52496359.6166
2022-06-15,1815.508,1841.838,1812.968,1832.598,54860440.4629
2022-06-16,1832.598,1857.418,1814.718,1842.063,53028473.675
2022-06-17,1842.063,1852.953,1833.714,1838.778,39533429.5032
2022-06-21,1840.077,1843.518,1825.468,1827.483,39943704.0983
2022-06-22,1827.473,1847.778,1823.288,1832.648,40328130.275
2022-06-23,1832.688,1846.238,1821.514,1825.088,48225549.8468
2022-06-24,1825.032,1831.686,1816.898,1825.858,35814059.9727
2022-06-27,1834.688,1840.948,1820.678,1825.883,40564170.2711
2022-06-28,1825.913,1829.412,1818.148,1820.623,34151519.9838
2022-06-29,1820.623,1832.958,1811.978,1817.238,39639159.8286
2022-06-30,1817.238,1825.008,1801.208,1801.324,45271699.726500005
2022-07-01,1801.324,1811.698,1784.397,1810.598,40923520.416
2022-07-05,1810.768,1811.938,1763.748,1769.164,49086520.0162
2022-07-06,1769.124,1771.684,1732.128,1745.698,55071254.9986
2022-07-07,1745.698,1749.014,1737.858,1742.284,41890700.2212
2022-07-08,1742.288,1752.387,1732.919,1741.838,35807980.2989
2022-07-11,1742.448,1744.098,1723.048,1733.294,43369210.3028
2022-07-12,1733.334,1739.308,1722.668,1727.078,45204250.0377
2022-07-13,1727.078,1745.284,1706.948,1731.854,57388590.276
2022-07-14,1731.854,1732.118,1697.438,1708.404,59366920.6203
2022-07-15,1708.408,1713.964,1698.948,1707.798,37442309.9161
2022-07-18,1715.874,1723.798,1705.224,1709.324,42090654.999
2022-07-19,1709.294,1718.321,1707.318,1711.988,35461774.9455
2022-07-20,1711.988,1714.411,1689.808,1691.478,36085635.811
2022-07-21,1691.484,1720.238,1680.748,1713.578,45470625.49
2022-07-22,1713.578,1739.253,1712.958,1726.618,34860645.1154
2022-07-25,1727.364,1736.174,1714.653,1723.898,39014589.6971
2022-07-26,1723.908,1727.854,1713.534,1716.628,35542570.293
2022-07-27,1716.608,1741.524,1711.315,1736.778,40447519.8984
2022-07-28,1736.778,1763.818,1735.268,1762.794,41997530.1324
2022-07-29,1762.794,1767.784,1751.928,1765.698,33645109.7128
2022-08-01,1761.938,1780.388,1758.208,1774.519,41524723.3213
2022-08-02,1774.514,1787.928,1754.828,1768.817,44675282.3592
2022-08-03,1768.814,1772.662,1754.198,1770.614,34551806.1815
2022-08-04,1770.614,1794.898,1768.938,1792.018,36327920.1685
2022-08-05,1792.008,1792.798,1764.907,1774.718,35164960.1758
2022-08-08,1773.268,1790.564,1771.148,1785.598,33843070.1644
2022-08-09,1785.568,1800.364,1783.457,1791.154,30001650.3782
2022-08-10,1791.134,1807.768,1784.344,1785.684,37249485.5227
2022-08-11,1785.684,1799.149,1783.378,1791.014,38117139.8164
2022-08-12,1790.968,1802.548,1784.798,1801.778,31634839.7135
2022-08-15,1795.228,1795.328,1772.818,1781.194,37009429.9913
2022-08-16,1781.184,1782.015,1771.368,1775.718,32134119.9429
2022-08-17,1775.688,1782.194,1759.714,1762.214,39811625.9279
2022-08-18,1762.234,1772.294,1753.354,1754.088,36512830.2874
2022-08-19,1754.048,1757.998,1745.438,1746.498,31749570.0417
2022-08-22,1746.418,1746.418,1727.668,1738.324,39720120.5194
2022-08-23,1738.314,1753.974,1730.688,1745.308,40207679.5997
2022-08-24,1745.318,1757.614,1742.355,1756.294,34838370.1446
2022-08-25,1756.254,1765.368,1752.194,1757.308,33105210.0808
2022-08-26,1757.248,1758.684,1734.058,1737.338,35914440.4534
2022-08-29,1724.418,1745.418,1720.208,1734.864,35734999.8653
2022-08-30,1734.844,1737.838,1720.484,1723.918,40536229.8191
2022-08-31,1723.878,1726.428,1702.174,1704.514,44707190.2754
2022-09-01,1704.484,1708.604,1688.668,1699.424,39138489.6338
2022-09-02,1699.404,1717.878,1698.508,1711.278,35192496.7468
2022-09-06,1717.658,1720.664,1692.288,1693.284,47978660.0471
2022-09-07,1693.284,1719.318,1691.218,1714.358,44907839.924
2022-09-08,1714.358,1728.095,1703.878,1719.188,49360718.8168
2022-09-09,1719.188,1729.344,1711.258,1715.938,35643336.0577
2022-09-12,1713.488,1735.035,1711.808,1721.208,46719150.1259
2022-09-13,1721.208,1731.71,1696.934,1700.294,55554845.9293
2022-09-14,1700.324,1707.014,1690.318,1692.604,49657960.4147
2022-09-15,1692.588,1693.174,1660.24,1664.288,50143320.1433
2022-09-16,1664.258,1680.245,1654.048,1673.898,42991969.7046
2022-09-19,1669.068,1679.288,1659.583,1676.865,43217430.0851
2022-09-20,1677.038,1677.115,1659.875,1663.635,42573249.6978
2022-09-21,1663.625,1687.948,1653.649,1660.395,57087330.1923
2022-09-22,1660.395,1684.788,1655.536,1669.025,61346899.8671
2022-09-23,1669.025,1674.058,1639.617,1643.598,51902810.2755
2022-09-26,1638.318,1649.648,1621.033,1631.058,61817202.3895
2022-09-27,1631.058,1642.335,1622.903,1624.503,67815779.686
2022-09-28,1624.508,1662.645,1614.71,1654.285,63528209.7754
2022-09-29,1654.345,1665.165,1641.408,1662.098,59496244.6092
2022-09-30,1662.098,1675.265,1659.968,1659.978,47631229.6986
2022-10-03,1663.813,1702.465,1659.595,1699.718,48493603.6467
2022-10-04,1699.718,1729.435,1697.294,1719.224,50612139.910500005
2022-10-05,1719.244,1727.664,1700.458,1722.075,53793609.649
2022-10-06,1722.078,1725.434,1706.812,1709.732,43237349.8228
2022-10-07,1709.728,1714.724,1690.504,1694.458,39781209.886
2022-10-11,1664.028,1683.84,1660.91,1665.208,50110660.1357
2022-10-12,1665.185,1678.215,1664.628,1669.148,47544488.4
2022-10-13,1669.138,1682.336,1642.288,1668.928,58288849.8157
2022-10-14,1668.888,1671.655,1640.095,1643.618,48890559.5841
2022-10-17,1650.065,1668.268,1646.638,1652.358,54173409.8195
2022-10-18,1652.398,1660.707,1646.508,1649.098,55865939.7812
2022-10-19,1649.198,1649.385,1622.257,1626.067,75632199.9135
2022-10-20,1626.077,1645.438,1620.508,1621.498,81994399.9647
2022-10-21,1621.498,1657.798,1617.067,1657.298,105367645.6808
2022-10-24,1653.848,1658.488,1643.747,1651.468,96481844.6637
2022-10-25,1651.387,1662.187,1638.098,1656.868,73680820.2862
2022-10-26,1656.968,1674.678,1654.998,1664.448,72290219.7243
2022-10-27,1664.457,1669.548,1654.668,1664.648,77820680.0818
2022-10-28,1664.668,1665.248,1637.898,1644.498,61415559.6793
2022-10-31,1644.238,1645.488,1630.477,1637.357,53525309.533
2022-11-01,1637.348,1656.878,1636.327,1650.597,68979849.4575
2022-11-02,1650.607,1669.257,1631.708,1637.467,74990274.7869
2022-11-03,1637.498,1639.918,1616.477,1639.058,74646912.7091
2022-11-04,1638.987,1681.718,1638.407,1681.148,80180749.8931
2022-11-07,1672.297,1681.758,1666.707,1669.978,61712000.3104
2022-11-08,1669.988,1716.738,1664.557,1708.297,69196999.6691
2022-11-09,1708.278,1722.168,1702.048,1709.548,74702119.9467
2022-11-10,1709.587,1756.998,1703.838,1752.767,85929688.9302
2022-11-14,1761.078,1774.938,1753.098,1770.845,61755919.9929
2022-11-15,1770.845,1786.367,1767.887,1771.788,105022967.3983
2022-11-16,1771.847,1784.928,1761.827,1762.248,72736609.4887
2022-11-17,1762.167,1770.877,1754.268,1762.408,76166911.5422
2022-11-18,1762.357,1767.578,1747.317,1750.398,55437430.2032
2022-11-21,1745.998,1746.958,1732.338,1744.948,51244849.9499
2022-11-22,1744.917,1749.598,1732.857,1734.788,48450023.5023
2022-11-23,1734.827,1756.618,1728.137,1755.558,63350830.5846
2022-11-25,1758.408,1758.867,1745.848,1754.417,34608310.163
2022-11-28,1751.407,1763.618,1739.348,1753.688,62007717.6391
2022-11-29,1753.678,1758.898,1746.767,1754.168,53919954.9258
2022-11-30,1754.208,1779.898,1744.717,1779.428,73701630.05590001
2022-12-01,1779.428,1804.298,1774.458,1797.298,71799769.6399
2022-12-02,1797.298,1802.898,1778.418,1797.248,67160391.9269
2022-12-05,1808.547,1809.278,1766.0,1772.358,67671829.9985
2022-12-06,1772.338,1780.728,1767.118,1770.748,58610030.5915
2022-12-07,1770.747,1790.357,1769.498,1783.298,65664609.611200005
2022-12-08,1783.347,1797.388,1781.457,1796.358,53096430.3612
2022-12-09,1796.348,1805.998,1788.768,1795.397,54849815.5177
2022-12-12,1787.148,1795.328,1777.417,1782.485,40580220.0137
2022-12-13,1782.505,1824.358,1782.305,1808.915,40044679.3735
2022-12-14,1808.875,1814.035,1789.505,1790.975,36810360.4021
2022-12-15,1790.955,1796.295,1773.608,1778.805,36411924.8392
2022-12-16,1778.825,1794.198,1774.205,1792.598,28929749.7869
2022-12-19,1792.825,1798.637,1783.785,1790.245,29991589.9931
2022-12-20,1790.278,1821.035,1786.777,1813.955,38993789.5835
2022-12-21,1813.945,1823.685,1811.705,1820.005,29879380.1666
2022-12-22,1819.995,1820.325,1784.627,1794.715,27835961.0738
2022-12-23,1794.715,1803.095,1791.065,1798.198,23247059.6583
2022-12-27,1804.895,1833.215,1802.188,1811.648,32155689.8654
2022-12-28,1811.635,1811.967,1796.905,1808.755,27379740.1486
2022-12-29,1808.775,1820.015,1804.205,1815.745,30444580.1824
2022-12-30,1815.735,1825.877,1813.175,1823.463,50212660.6106
2023-01-03,1840.268,1849.865,1827.525,1846.457,39842229.5452
2023-01-04,1846.448,1865.035,1844.605,1851.898,43315320.0745
2023-01-05,1851.838,1855.595,1824.995,1837.925,38389449.8943
2023-01-06,1837.908,1869.765,1833.165,1865.598,37469709.4562
2023-01-09,1876.828,1881.445,1867.745,1871.245,28040049.8509
2023-01-10,1871.195,1880.635,1870.268,1877.785,32724140.1077
2023-01-11,1877.748,1886.548,1867.015,1884.248,32497839.9724
2023-01-12,1884.255,1901.475,1872.76,1895.795,36588124.9307
2023-01-13,1895.807,1921.798,1892.205,1919.398,32415940.2848
2023-01-17,1911.245,1916.545,1897.228,1899.475,30655317.1575
2023-01-18,1899.455,1925.798,1896.495,1909.655,41156122.0286
2023-01-19,1909.668,1935.045,1906.305,1923.638,40118680.2686
2023-01-20,1923.638,1937.435,1920.508,1925.298,26304530.1139
2023-01-23,1929.395,1936.985,1911.248,1932.618,35275068.7006
2023-01-24,1932.728,1942.348,1917.065,1928.357,36686749.816
2023-01-25,1928.355,1949.085,1919.697,1946.585,26673579.9609
2023-01-26,1946.575,1948.875,1918.627,1921.535,31130648.7916
2023-01-27,1921.515,1934.918,1916.525,1927.598,26723089.5459
2023-01-30,1933.237,1933.625,1918.748,1920.095,24161239.8027
2023-01-31,1920.095,1930.998,1900.665,1925.588,29248309.94
2023-02-01,1925.547,1957.138,1920.435,1953.288,36770259.9168
2023-02-02,1953.288,1959.625,1911.225,1915.935,34099025.0111
2023-02-03,1915.955,1918.145,1861.255,1864.548,35445879.5786
2023-02-06,1878.277,1881.198,1862.935,1873.025,31409760.2668
2023-02-07,1873.005,1884.348,1864.898,1876.905,35056450.2778
2023-02-08,1876.895,1886.345,1868.898,1879.375,27366580.0989
2023-02-09,1879.345,1890.098,1853.688,1853.825,27421499.8781
2023-02-10,1853.825,1872.035,1852.588,1864.698,24013979.9415
2023-02-13,1857.685,1866.395,1850.325,1858.058,23201420.0987
2023-02-14,1858.058,1870.467,1843.165,1847.715,42834040.1353
2023-02-15,1847.695,1847.715,1830.475,1839.248,27495760.0534
2023-02-16,1839.265,1845.158,1823.715,1826.665,26350919.7833
2023-02-17,1826.665,1843.505,1818.805,1841.898,21754290.1636
2023-02-21,1839.025,1843.738,1830.095,1836.425,30759150.0731
2023-02-22,1836.435,1845.905,1823.045,1829.785,29103150.04
2023-02-23,1829.765,1833.685,1817.395,1825.425,29058850.0799
2023-02-24,1825.455,1826.235,1808.865,1810.665,23118850.1567
2023-02-27,1809.135,1820.055,1807.065,1814.385,23609159.9165
2023-02-28,1814.368,1831.585,1804.594,1829.995,28839119.8218
2023-03-01,1830.005,1844.408,1829.785,1834.305,27707440.0785
2023-03-02,1834.315,1841.435,1829.854,1838.345,31741339.7728
2023-03-03,1838.345,1856.768,1837.765,1855.798,23111546.1292
2023-03-06,1853.905,1858.168,1844.045,1847.218,25765500.2174
2023-03-07,1847.175,1851.555,1809.248,1811.445,26287059.9631
2023-03-08,1811.425,1824.185,1810.375,1814.205,24606354.9817
2023-03-09,1814.235,1835.565,1812.635,1829.695,25404349.923
2023-03-10,1829.675,1870.065,1828.435,1867.448,42324190.5271
2023-03-13,1882.505,1914.475,1871.328,1902.845,57728204.9061
2023-03-14,1902.835,1913.445,1895.228,1902.725,43012979.9545
2023-03-15,1902.745,1937.295,1885.565,1913.135,50387209.952
2023-03-16,1913.115,1933.385,1912.118,1927.625,48300870.0907
2023-03-17,1927.605,1988.998,1927.155,1987.798,40284550.0709
2023-03-20,1973.208,2009.695,1965.748,1983.755,40877927.6908
2023-03-21,1983.735,1983.745,1935.194,1939.515,37483789.8314
2023-03-22,1939.495,1978.705,1934.175,1976.745,44987809.8668
2023-03-23,1976.745,2003.185,1966.455,1992.698,43695800.2746
2023-03-24,1992.715,2002.848,1975.085,1977.988,34344019.8602
2023-03-27,1974.535,1975.435,1943.895,1959.565,30082079.9469
2023-03-28,1959.545,1975.148,1949.028,1966.375,32661970.0491
2023-03-29,1966.405,1971.605,1955.204,1959.425,28723320.0669
2023-03-30,1959.438,1984.195,1958.838,1981.038,34503679.9312
2023-03-31,1981.078,1987.485,1966.754,1968.748,27822710.4545
2023-04-03,1951.715,1990.365,1950.425,1978.045,33994330.4657
2023-04-04,1978.045,2025.235,1976.825,2022.975,35702139.6159
2023-04-05,2022.935,2031.968,2007.915,2011.265,30691215.8279
2023-04-06,2011.295,2020.804,2001.0,2006.476,25678562.1047
2023-04-07,2006.476,2006.476,2006.476,2006.476,0.0
2023-04-10,1990.845,2002.875,1981.545,1997.478,23121580.0942
2023-04-11,1997.478,2019.315,1995.495,2017.074,21481680.0205
2023-04-12,2017.064,2028.235,2001.225,2017.385,31385385.1857
2023-04-13,2017.405,2048.538,2015.158,2044.985,29225980.1925
2023-04-14,2044.975,2046.365,1992.285,2003.498,31724289.7452
2023-04-17,2004.465,2014.885,1980.974,2000.125,26418199.897
2023-04-18,2000.155,2011.748,1991.195,2003.365,24044600.0097
2023-04-19,2003.385,2004.365,1969.155,1992.665,29207604.8256
2023-04-20,1992.705,2012.255,1991.275,2002.065,25961710.0357
2023-04-21,2002.075,2002.265,1971.515,1982.248,21853649.8845
2023-04-24,1980.745,2000.865,1973.995,1992.775,26044409.9008
2023-04-25,1992.765,2003.798,1976.015,1993.995,36566960.2605
2023-04-26,1994.015,2009.204,1983.198,1999.655,31969750.2852
2023-04-27,1999.695,2003.258,1973.865,1988.665,40070017.6656
2023-04-28,1988.658,1994.915,1975.905,1989.548,27686629.6232
2023-05-01,1983.235,2005.848,1976.925,1982.025,31341759.1155
2023-05-02,1981.945,2019.248,1978.324,2018.455,32128560.1855
2023-05-03,2018.445,2079.778,2007.414,2040.885,39586611.122
2023-05-04,2040.885,2059.525,2030.214,2049.685,44344651.1922
2023-05-05,2049.745,2051.015,1999.455,2016.298,71710666.4478
2023-05-08,2023.174,2029.334,2017.804,2024.865,71611869.8718
2023-05-09,2024.895,2038.144,2021.344,2031.615,89886560.4997
2023-05-10,2031.615,2048.114,2021.434,2032.294,101722578.6147
2023-05-11,2032.324,2041.214,2008.654,2011.574,130741300.2252
2023-05-12,2011.574,2022.494,2000.825,2009.798,63380455.4343
2023-05-15,2013.914,2022.114,2011.424,2016.854,74739129.8114
2023-05-16,2016.854,2017.625,1985.405,1991.288,99895377.5167
2023-05-17,1991.288,1992.054,1974.935,1982.234,85159850.4785
2023-05-18,1982.234,1982.684,1951.885,1963.185,47698899.5372
2023-05-19,1963.215,1984.075,1957.095,1977.448,25866069.8534
2023-05-22,1977.715,1982.505,1960.165,1962.595,26581619.8289
2023-05-23,1962.575,1977.554,1954.084,1976.435,33181979.6265
2023-05-24,1976.445,1985.194,1954.905,1957.125,28964110.2254
2023-05-25,1957.175,1964.625,1936.655,1948.385,30206290.0664
2023-05-26,1948.395,1957.215,1938.685,1945.788,27579080.4327
2023-05-30,1939.284,1963.378,1931.905,1957.965,28129279.986
2023-05-31,1957.955,1974.628,1954.825,1964.165,29705429.8819
2023-06-01,1964.165,1983.315,1953.255,1982.375,27070600.0328
2023-06-02,1982.395,1982.735,1947.164,1947.738,24672988.2358
2023-06-05,1946.975,1964.495,1938.045,1959.155,24043359.7713
2023-06-06,1959.244,1966.688,1954.255,1963.315,18767139.9265
2023-06-07,1963.325,1970.085,1939.544,1946.275,22894954.9199
2023-06-08,1946.275,1970.398,1942.725,1963.745,28384209.9905
2023-06-09,1963.725,1972.928,1956.475,1960.798,16745350.1373
2023-06-12,1958.378,1966.865,1949.125,1961.945,23444810.0328
2023-06-13,1961.965,1970.724,1939.935,1949.185,26402329.8323
2023-06-14,1949.165,1960.205,1932.305,1934.785,27156300.2766
2023-06-15,1934.805,1961.935,1924.898,1956.575,29741260.1413
2023-06-16,1956.595,1967.825,1953.165,1957.358,26622780.2337
2023-06-20,1950.195,1956.675,1929.705,1936.888,22250958.7258
2023-06-21,1936.894,1937.505,1919.075,1932.555,24780910.313
2023-06-22,1932.555,1933.005,1910.065,1912.345,20911419.9878
2023-06-23,1912.365,1937.238,1911.945,1920.388,21374770.3732
2023-06-26,1925.425,1933.245,1920.855,1928.365,18641659.9303
2023-06-27,1928.395,1930.585,1910.785,1915.028,21010814.9645
2023-06-28,1915.038,1916.645,1902.648,1905.355,26120890.081
2023-06-29,1905.345,1912.995,1892.915,1908.225,25857580.0805
2023-06-30,1908.245,1922.628,1900.465,1919.538,24452479.8691
2023-07-03,1918.194,1930.935,1909.965,1922.945,23192840.062
2023-07-05,1924.265,1934.905,1914.244,1918.098,23913940.1464
2023-07-06,1917.884,1927.505,1902.505,1911.085,27035060.033
2023-07-07,1911.095,1934.745,1910.215,1923.838,33036945.358
2023-07-10,1923.795,1928.905,1912.585,1926.615,19703290.1497
2023-07-11,1926.585,1940.855,1926.345,1938.385,21744239.8966
2023-07-12,1938.415,1961.635,1933.435,1960.205,24817534.8342
2023-07-13,1960.215,1963.585,1952.245,1962.445,21589885.0858
2023-07-14,1962.425,1962.584,1950.875,1954.748,17415799.0218
2023-07-17,1952.025,1960.505,1945.638,1959.695,18884940.0132
2023-07-18,1959.705,1984.195,1957.705,1975.425,29135469.9733
2023-07-19,1975.435,1987.385,1969.645,1985.055,21417609.781
2023-07-20,1985.055,1985.328,1965.198,1970.045,20412381.8132
2023-07-21,1970.025,1972.165,1956.678,1961.428,14997950.0026
2023-07-24,1959.995,1967.725,1953.145,1961.565,22110380.009
2023-07-25,1961.555,1966.125,1951.898,1963.815,20663949.8771
2023-07-26,1963.835,1982.085,1962.295,1977.865,23817700.3711
2023-07-27,1977.905,1982.075,1942.525,1954.125,27887529.9393
2023-07-28,1954.135,1963.374,1947.715,1958.465,25340530.0083
2023-07-31,1954.525,1972.295,1950.655,1962.055,18318549.9459
2023-08-01,1962.035,1962.215,1941.118,1949.215,18588070.2439
2023-08-02,1949.205,1954.675,1932.885,1937.215,19194470.182
2023-08-03,1937.115,1938.655,1929.425,1935.105,19868989.8997
2023-08-04,1935.125,1946.798,1924.898,1942.568,16612276.7926
2023-08-07,1939.225,1941.605,1931.075,1933.015,15499509.9157
2023-08-08,1933.005,1935.575,1922.655,1930.005,16435440.0487
2023-08-09,1930.035,1932.255,1913.505,1918.595,13193950.0567
2023-08-10,1918.595,1929.995,1910.694,1914.555,17965100.1094
2023-08-11,1914.555,1920.815,1912.095,1913.378,12845690.1013
2023-08-14,1912.645,1916.135,1902.595,1907.085,14677280.0012
2023-08-15,1907.055,1911.525,1896.215,1903.995,21673459.8277
2023-08-16,1903.985,1907.095,1889.545,1892.665,21207860.0825
2023-08-17,1892.625,1903.375,1884.925,1892.615,16610469.9075
2023-08-18,1892.655,1896.678,1886.675,1889.258,11427290.0523
2023-08-21,1891.565,1898.665,1885.155,1896.025,15281050.0634
2023-08-22,1896.025,1904.405,1889.018,1901.505,13638365.0752
2023-08-23,1901.515,1921.535,1900.635,1920.778,17138740.0478
2023-08-24,1920.745,1923.225,1911.655,1913.355,14507179.8862
2023-08-25,1913.375,1922.265,1903.705,1914.778,14152400.0168
2023-08-28,1916.235,1925.955,1912.675,1925.335,13508830.063
2023-08-29,1925.335,1938.095,1914.355,1936.705,17503440.1419
2023-08-30,1936.715,1948.965,1934.838,1945.075,21453760.3259
2023-08-31,1945.055,1947.825,1938.625,1938.825,17295399.9789
2023-09-01,1938.815,1952.905,1934.355,1939.238,24882939.7409
2023-09-05,1936.915,1938.905,1924.098,1926.465,13779999.1222
2023-09-06,1926.485,1929.055,1915.175,1920.065,15946779.8545
2023-09-07,1920.045,1927.135,1916.095,1924.885,23904979.84
2023-09-08,1924.905,1929.595,1917.225,1918.258,10382390.1266
2023-09-11,1923.235,1930.558,1920.245,1923.645,13022820.1151
2023-09-12,1923.595,1924.395,1907.478,1909.548,13241060.1974
2023-09-13,1909.535,1915.655,1905.555,1909.635,20029289.9012
2023-09-14,1909.645,1915.915,1900.898,1915.565,24288675.1146
2023-09-15,1915.565,1930.308,1914.845,1922.738,15740069.9704
2023-09-18,1928.698,1934.505,1922.678,1932.138,12254760.0269
2023-09-19,1932.138,1937.275,1928.395,1930.515,10334999.9935
2023-09-20,1930.535,1947.315,1924.085,1928.188,20005420.1186
2023-09-21,1928.165,1930.425,1913.808,1923.755,13597510.0548
2023-09-22,1923.755,1929.015,1923.325,1924.818,8717650.041
2023-09-25,1923.555,1927.115,1912.935,1913.565,16761020.1389
2023-09-26,1913.505,1915.565,1899.005,1899.825,12271500.9303
2023-09-27,1899.795,1899.795,1872.445,1874.585,18227724.8803
2023-09-28,1874.585,1879.485,1857.565,1863.225,21137865.2159
2023-09-29,1863.175,1879.765,1846.205,1848.098,14817324.0125
2023-10-02,1843.365,1846.175,1815.245,1820.378,18459800.1989
2023-10-03,1820.448,1833.205,1818.115,1820.645,21143609.7326
2023-10-04,1820.655,1830.455,1816.475,1828.265,19307289.9282
2023-10-05,1828.265,1829.105,1812.924,1823.925,16165792.0183
2023-10-06,1823.915,1834.725,1810.288,1832.698,18313190.0577
2023-10-10,1862.385,1862.665,1852.888,1860.005,16140759.93
2023-10-11,1860.005,1878.675,1858.535,1877.565,20531509.8834
2023-10-12,1877.585,1884.885,1867.825,1873.565,20530329.9425
2023-10-13,1873.555,1932.875,1873.475,1932.738,24917999.8039
2023-10-16,1919.985,1924.428,1908.085,1916.775,18184839.8593
2023-10-17,1916.775,1942.645,1914.145,1937.395,24474430.1737
2023-10-18,1937.365,1962.545,1934.958,1946.275,22367269.9333
2023-10-19,1946.265,1982.205,1945.205,1977.725,28921670.1091
2023-10-20,1977.705,1997.135,1973.185,1980.648,20778539.0912
2023-10-23,1973.558,1982.725,1970.025,1976.835,19177990.1683
2023-10-24,1976.805,1979.105,1953.404,1973.155,21146430.135
2023-10-25,1973.135,1987.235,1962.854,1987.105,23697349.9954
2023-10-26,1987.135,1993.385,1971.655,1987.785,22911409.9442
2023-10-27,1987.895,2009.395,1976.755,2005.648,19822351.7835
2023-10-30,2001.935,2002.645,1990.835,1992.055,26179490.0448
2023-10-31,1992.075,2007.734,1976.855,1977.015,23763989.8061
2023-11-01,1977.015,1991.898,1969.815,1985.315,24579799.9204
2023-11-02,1985.325,1990.935,1978.775,1985.745,17500959.9773
2023-11-03,1985.725,2003.968,1984.384,1992.058,20884570.077
2023-11-06,1983.645,1988.995,1970.858,1971.335,14232320.1001
2023-11-07,1971.355,1974.185,1956.598,1967.535,20194789.797
2023-11-08,1967.545,1969.055,1947.325,1949.415,16230909.8541
2023-11-09,1949.405,1965.498,1944.575,1957.675,21289050.0126
2023-11-13,1935.675,1949.115,1931.515,1944.675,16980339.8847
2023-11-14,1944.645,1970.835,1937.978,1967.435,20946400.076
2023-11-15,1967.445,1975.148,1955.325,1962.505,18526070.1176
2023-11-16,1962.475,1987.848,1961.978,1986.005,21067829.9365
2023-11-17,1985.995,1993.335,1978.478,1980.398,13910990.0294
2023-11-20,1981.325,1994.195,1965.355,1992.075,20870359.9274
2023-11-21,1992.045,2007.475,1984.158,1999.148,25403059.9892
2023-11-22,1999.145,2006.318,1986.805,1995.115,21320769.936
2023-11-24,1993.608,2003.515,1991.944,2000.505,11585279.9417
2023-11-27,2012.834,2017.975,2005.608,2015.075,18834030.0024
2023-11-28,2015.135,2051.865,2011.478,2046.115,24279425.1442
2023-11-29,2046.125,2049.438,2035.205,2044.495,23987370.4314
2023-11-30,2044.575,2046.845,2031.258,2040.115,21193350.0171
2023-12-01,2040.125,2075.265,2033.805,2071.668,23604690.1943
2023-12-04,2085.405,2090.385,2019.925,2032.205,36476901.2631
2023-12-05,2032.275,2039.495,2009.855,2021.925,29800805.0916
2023-12-06,2021.915,2035.785,2020.075,2025.995,24218959.9871
2023-12-07,2025.985,2039.778,2020.075,2031.425,27822479.725
2023-12-08,2031.465,2032.295,1994.555,2004.418,26778163.9099
2023-12-11,1996.575,2000.515,1975.725,1985.585,19339280.0241
2023-12-12,1985.665,1996.625,1977.115,1978.205,21678580.0457
2023-12-13,1978.215,2039.175,1972.935,2031.135,33683060.3183
2023-12-14,2031.095,2047.775,2027.445,2036.585,31943051.0401
2023-12-15,2036.605,2044.815,2015.515,2019.485,23991196.096
2023-12-18,2023.095,2033.615,2018.658,2024.058,21898285.8956
2023-12-19,2024.028,2046.905,2022.355,2040.425,19426939.8451
2023-12-20,2040.448,2043.375,2027.258,2036.225,20887229.9192
2023-12-21,2036.245,2054.875,2032.028,2049.498,35551520.317999996
2023-12-22,2049.555,2070.525,2047.015,2052.908,45618850.7077
2023-12-26,2063.928,2068.948,2054.465,2065.755,17736640.0211
2023-12-27,2065.745,2088.355,2061.385,2086.465,20821240.3359
2023-12-28,2086.445,2087.455,2064.448,2069.865,34509838.1638
2023-12-29,2069.855,2074.645,2058.105,2062.688,26276679.9333
2024-01-02,2069.525,2078.825,2055.818,2064.775,27420719.0574
2024-01-03,2064.755,2065.835,2030.515,2043.015,30451709.8665
2024-01-04,2043.005,2050.855,2036.155,2044.555,19194739.7887
2024-01-05,2044.515,2063.838,2024.255,2045.355,29254180.1334
2024-01-08,2035.665,2036.778,2016.604,2032.795,27262109.9652
2024-01-09,2032.815,2041.898,2026.015,2029.725,29033860.3856
2024-01-10,2029.785,2040.135,2020.395,2031.995,26371687.0546
2024-01-11,2032.095,2043.864,2013.225,2034.578,37284655.6604
2024-01-12,2034.578,2062.145,2033.575,2048.675,27840349.9127
2024-01-16,2049.345,2050.825,2023.185,2025.355,38007806.9569
2024-01-17,2025.335,2028.898,2001.755,2008.035,33278670.1321
2024-01-18,2008.045,2025.475,2005.705,2020.995,23024999.8864
2024-01-19,2020.975,2039.278,2020.325,2029.375,21608420.1335
2024-01-22,2025.335,2030.028,2016.448,2027.508,27084159.8662
2024-01-23,2027.494,2037.808,2021.325,2024.405,24021539.9864
2024-01-24,2024.395,2036.575,2011.105,2015.665,29188650.4591
2024-01-25,2015.665,2025.175,2009.455,2021.115,27262409.9552
2024-01-26,2021.075,2026.715,2015.845,2017.915,17259329.885
2024-01-29,2026.205,2037.465,2020.485,2031.705,20806740.0456
2024-01-30,2031.595,2048.448,2028.935,2034.475,27332730.0846
2024-01-31,2034.465,2055.878,2031.0,2045.634,35731022.0899
2024-02-01,2045.605,2065.348,2029.905,2054.965,34578418.7315
2024-02-02,2054.945,2057.545,2027.635,2039.275,26482090.1156
2024-02-05,2031.785,2031.965,2014.835,2026.245,20945049.7478
2024-02-06,2026.285,2038.785,2022.795,2035.145,20882550.0607
2024-02-07,2035.125,2044.465,2030.505,2032.125,24521787.2262
2024-02-08,2032.045,2038.355,2020.095,2032.655,21756109.8339
2024-02-09,2032.615,2037.058,2020.195,2024.155,19722394.9876
2024-02-12,2023.105,2027.505,2011.795,2018.895,19034079.954
2024-02-13,2018.905,2032.845,1988.735,1992.285,21036604.9707
2024-02-14,1992.265,1996.025,1984.088,1991.945,17771450.0427
2024-02-15,1991.925,2008.175,1991.495,2003.555,21359820.0234
2024-02-16,2003.535,2015.095,1994.985,2013.055,18336880.0582
2024-02-20,2019.465,2031.195,2017.635,2030.765,17651509.9851
2024-02-21,2030.825,2032.195,2019.915,2028.745,20628509.9835
2024-02-22,2028.815,2034.708,2019.555,2025.995,23130239.8145
2024-02-23,2026.035,2041.285,2015.955,2035.215,21187020.242
2024-02-26,2032.095,2036.965,2024.975,2033.675,20770826.1906
2024-02-27,2033.685,2039.375,2028.725,2030.118,20352480.1062
2024-02-28,2030.064,2037.805,2024.355,2035.048,18432662.9192
2024-02-29,2035.085,2050.605,2028.015,2045.425,22791129.8127
2024-03-01,2045.505,2088.215,2038.915,2082.395,30244159.7134
2024-03-04,2080.635,2119.805,2080.395,2115.815,34290060.2073
2024-03-05,2115.765,2141.748,2113.845,2126.115,38767780.0061
2024-03-06,2126.085,2161.435,2124.255,2158.115,46575560.5103
2024-03-07,2158.125,2164.635,2147.825,2157.625,35753800.3177
2024-03-08,2157.665,2195.085,2155.778,2178.965,44333790.1236
2024-03-11,2179.365,2185.595,2174.695,2177.385,28180619.8357
2024-03-12,2177.345,2181.868,2150.455,2159.045,37998175.6062
2024-03-13,2159.005,2179.745,2157.198,2172.165,41478830.3672
2024-03-14,2172.175,2172.385,2152.665,2164.478,31052820.0864
2024-03-15,2164.478,2172.615,2155.115,2155.625,22222989.9763
2024-03-18,2146.655,2163.455,2145.985,2161.445,31456460.1332
2024-03-19,2161.425,2162.055,2147.045,2159.765,25318489.8495
2024-03-20,2159.845,2222.875,2149.475,2202.695,37183085.7394
2024-03-21,2202.775,2211.685,2166.264,2173.675,38041541.025
2024-03-22,2173.685,2180.035,2157.035,2165.055,27402719.9745
2024-03-25,2170.515,2181.205,2163.455,2170.225,23925389.9008
2024-03-26,2170.255,2199.995,2169.525,2177.635,32837110.2508
2024-03-27,2177.615,2197.505,2175.625,2194.715,27987339.6456
2024-03-28,2194.675,2236.015,2190.725,2232.698,33406440.1687
2024-03-29,2232.698,2232.698,2232.698,2232.698,0.0
2024-04-01,2264.345,2265.585,2228.395,2251.485,31785550.2963
2024-04-02,2251.585,2288.185,2250.295,2284.985,47238590.0613
2024-04-03,2285.025,2304.795,2265.405,2299.015,56515179.8427
2024-04-04,2299.078,2305.425,2267.605,2276.595,38166549.9507
2024-04-05,2276.655,2330.345,2276.455,2328.195,54163221.2104
2024-04-08,2345.435,2348.345,2318.575,2343.855,55813610.3451
2024-04-09,2343.855,2365.185,2338.125,2351.225,54777849.971999995
2024-04-10,2351.205,2360.065,2319.265,2343.825,65444987.297
2024-04-11,2343.835,2395.265,2325.655,2384.105,53383399.9038
2024-04-12,2384.095,2431.385,2333.755,2343.285,65161550.2237
2024-04-15,2358.385,2392.035,2323.858,2387.818,73291729.5098
2024-04-16,2387.825,2398.128,2362.844,2381.605,82299469.7985
2024-04-17,2381.588,2395.448,2354.435,2374.735,55048250.139
2024-04-18,2374.655,2417.745,2369.468,2391.235,69877840.6977
2024-04-19,2391.235,2401.845,2372.805,2390.295,53794589.2213
2024-04-22,2369.345,2372.805,2295.408,2302.465,55991919.6665
2024-04-23,2302.485,2332.045,2291.265,2327.815,78481040.4181
2024-04-24,2327.815,2337.128,2304.898,2313.075,61057879.9846
2024-04-25,2313.084,2344.708,2312.275,2334.565,66230709.1947
2024-04-26,2334.575,2352.418,2328.605,2337.245,47087980.0916
2024-04-29,2328.338,2346.585,2325.455,2329.054,48687280.6253
2024-04-30,2329.045,2329.385,2282.745,2284.075,33687466.6512
2024-05-01,2284.025,2328.225,2281.515,2319.395,61769666.0758
2024-05-02,2319.475,2320.875,2285.358,2302.345,52155209.7352
2024-05-03,2302.365,2320.548,2277.165,2301.175,52055871.129
2024-05-06,2309.215,2331.988,2308.015,2324.775,52316330.4329
2024-05-07,2324.795,2324.925,2306.875,2316.925,41473549.634
2024-05-08,2316.975,2321.345,2303.555,2312.235,27186830.2228
2024-05-09,2312.065,2355.674,2306.615,2353.255,56552249.849
2024-05-10,2353.285,2378.365,2351.115,2360.175,44742619.6932
2024-05-13,2356.925,2356.925,2331.985,2343.008,40057210.1774
2024-05-14,2342.975,2360.895,2335.985,2360.238,53195819.8546
2024-05-15,2360.238,2397.275,2351.735,2388.595,63900899.9169
2024-05-16,2388.595,2394.388,2370.845,2377.755,48255917.1915
2024-05-17,2377.765,2422.575,2376.515,2414.525,44911920.6666
2024-05-20,2437.488,2449.985,2406.158,2413.665,65917839.8846
2024-05-21,2413.645,2433.838,2408.484,2413.904,61239240.1994
2024-05-22,2413.914,2419.195,2366.628,2372.365,77644709.915
2024-05-23,2372.315,2373.808,2325.265,2330.495,72185804.486
2024-05-24,2330.495,2347.325,2330.355,2333.405,31347370.0283
2024-05-28,2350.745,2363.975,2340.155,2358.045,45177769.6014
2024-05-29,2358.075,2361.275,2327.885,2334.268,46732730.4186
2024-05-30,2334.255,2351.698,2322.458,2343.595,53445470.9889
2024-05-31,2343.595,2359.598,2320.395,2326.995,48352099.836
2024-06-03,2321.335,2354.565,2314.635,2345.578,63949710.1306
2024-06-04,2345.578,2351.675,2315.508,2337.048,64128974.7952
2024-06-05,2337.048,2374.805,2327.945,2368.328,56680119.5741
2024-06-06,2368.328,2381.845,2353.305,2380.085,54461590.0814
2024-06-07,2380.025,2387.595,2286.628,2293.415,62874774.6349
2024-06-10,2295.178,2313.655,2287.665,2303.528,43823979.527
2024-06-11,2303.515,2319.865,2297.595,2313.915,48516075.2534
2024-06-12,2313.915,2341.495,2307.985,2314.138,73937570.3335
2024-06-13,2314.085,2326.495,2295.395,2305.358,68637869.6858
2024-06-14,2305.338,2336.575,2303.385,2332.184,49026160.2997
2024-06-17,2324.255,2327.495,2309.895,2324.348,40751980.148
2024-06-18,2324.338,2333.008,2306.465,2328.145,45099485.0994
2024-06-20,2333.825,2365.375,2331.475,2362.018,51575479.1201
2024-06-21,2362.035,2368.558,2316.588,2321.755,45139293.7301
2024-06-24,2325.365,2334.595,2320.625,2323.985,47772830.2779
2024-06-25,2323.985,2337.018,2310.455,2317.125,57180174.9469
2024-06-26,2317.115,2318.285,2293.464,2298.858,50641150.2064
2024-06-27,2298.835,2330.825,2296.425,2321.638,52810680.1511
2024-06-28,2321.635,2339.635,2319.645,2326.275,44362939.4768
2024-07-01,2324.578,2338.388,2318.395,2325.888,47387840.0622
2024-07-02,2325.898,2336.668,2318.945,2331.598,45855259.448
2024-07-03,2331.598,2364.795,2331.598,2357.965,50506530.2403
2024-07-05,2361.655,2392.815,2347.515,2390.705,46935990.2741
2024-07-08,2382.835,2386.645,2350.915,2367.548,48463067.0546
2024-07-09,2367.568,2371.358,2349.455,2368.065,44116515.2788
2024-07-10,2368.068,2386.548,2366.505,2378.648,42095883.0566
2024-07-11,2378.638,2424.395,2377.668,2408.658,73208210.051
2024-07-12,2408.638,2418.128,2391.325,2410.534,44972263.6937
2024-07-15,2411.465,2439.628,2401.225,2428.518,57856934.8155
2024-07-16,2428.495,2482.325,2424.955,2471.615,66440800.4284
2024-07-17,2471.645,2483.548,2451.425,2467.928,66644493.6396
2024-07-18,2467.928,2474.805,2420.315,2428.578,61816138.6845
2024-07-19,2428.585,2429.175,2393.675,2400.485,43301249.9811
2024-07-22,2406.625,2408.268,2383.715,2398.185,53305145.4125
2024-07-23,2398.185,2418.228,2388.135,2416.375,64534190.6549
2024-07-24,2416.375,2431.945,2366.625,2374.598,68001010.0006
2024-07-25,2374.598,2382.485,2353.005,2371.605,65235739.9167
2024-07-26,2371.625,2390.655,2365.098,2386.765,38139199.7932
2024-07-29,2394.445,2396.585,2369.518,2385.638,49511800.1849
2024-07-30,2385.668,2418.895,2383.265,2416.325,63554380.1785
2024-07-31,2416.305,2458.295,2414.285,2442.598,68590409.6366
2024-08-01,2442.585,2462.125,2430.075,2454.375,84448620.7961
2024-08-02,2454.375,2477.494,2410.664,2443.055,70165310.26359999
2024-08-05,2450.835,2458.655,2364.164,2408.895,119794254.3627
2024-08-06,2408.895,2416.195,2378.868,2385.785,85297499.47760001
2024-08-07,2385.785,2406.858,2380.855,2394.175,89302971.9592
2024-08-08,2394.175,2428.845,2392.345,2420.908,73238109.8271
2024-08-09,2420.825,2436.884,2416.815,2430.925,48216285.4074
2024-08-12,2428.415,2476.845,2428.095,2463.318,58464100.1227
2024-08-13,2463.325,2475.505,2455.225,2460.765,52865386.069
2024-08-14,2460.745,2479.715,2438.0,2453.565,54565840.2742
2024-08-15,2453.565,2469.945,2432.015,2452.308,58486856.55
2024-08-16,2452.285,2509.638,2451.025,2506.844,52379613.459
2024-08-19,2503.155,2508.065,2485.515,2501.665,54719649.5237
2024-08-20,2501.685,2531.558,2497.235,2517.275,68006529.9869
2024-08-21,2517.325,2519.428,2493.698,2502.268,52058210.4624
2024-08-22,2502.205,2510.485,2470.705,2493.075,51082043.9753
2024-08-23,2493.095,2518.195,2490.465,2512.235,53146024.46560001
2024-08-26,2509.725,2526.708,2505.698,2508.955,65329270.512
2024-08-27,2508.955,2528.888,2503.325,2515.755,58695625.007
2024-08-28,2515.745,2516.695,2493.515,2516.475,57689966.6787
2024-08-29,2516.495,2528.558,2503.515,2513.425,50326594.0845
2024-08-30,2513.365,2526.725,2494.048,2502.925,42908033.9074
