index,Date,Gold
0,2018-01-01,83
1,2018-01-02,88
2,2018-01-03,89
3,2018-01-04,84
4,2018-01-05,88
5,2018-01-06,96
6,2018-01-07,91
7,2018-01-08,85
8,2018-01-09,83
9,2018-01-10,87
10,2018-01-11,80
11,2018-01-12,81
12,2018-01-13,92
13,2018-01-14,87
14,2018-01-15,83
15,2018-01-16,81
16,2018-01-17,79
17,2018-01-18,81
18,2018-01-19,83
19,2018-01-20,88
20,2018-01-21,85
21,2018-01-22,82
22,2018-01-23,85
23,2018-01-24,83
24,2018-01-25,82
25,2018-01-26,83
26,2018-01-27,88
27,2018-01-28,91
28,2018-01-29,86
29,2018-01-30,79
30,2018-01-31,82
31,2018-02-01,80
32,2018-02-02,85
33,2018-02-03,89
34,2018-02-04,86
35,2018-02-05,80
36,2018-02-06,87
37,2018-02-07,82
38,2018-02-08,84
39,2018-02-09,88
40,2018-02-10,97
41,2018-02-11,99
42,2018-02-12,99
43,2018-02-13,98
44,2018-02-14,98
45,2018-02-15,95
46,2018-02-16,90
47,2018-02-17,94
48,2018-02-18,87
49,2018-02-19,87
50,2018-02-20,92
51,2018-02-21,90
52,2018-02-22,98
53,2018-02-23,94
54,2018-02-24,100
55,2018-02-25,97
56,2018-02-26,88
57,2018-02-27,83
58,2018-02-28,78
59,2018-03-01,80
60,2018-03-02,78
61,2018-03-03,85
62,2018-03-04,83
63,2018-03-05,77
64,2018-03-06,78
65,2018-03-07,84
66,2018-03-08,77
67,2018-03-09,82
68,2018-03-10,87
69,2018-03-11,83
70,2018-03-12,81
71,2018-03-13,82
72,2018-03-14,81
73,2018-03-15,81
74,2018-03-16,95
75,2018-03-17,89
76,2018-03-18,85
77,2018-03-19,79
78,2018-03-20,79
79,2018-03-21,82
80,2018-03-22,78
81,2018-03-23,81
82,2018-03-24,86
83,2018-03-25,88
84,2018-03-26,83
85,2018-03-27,85
86,2018-03-28,86
87,2018-03-29,85
88,2018-03-30,84
89,2018-03-31,83
90,2018-04-01,83
91,2018-04-02,88
92,2018-04-03,80
93,2018-04-04,86
94,2018-04-05,85
95,2018-04-06,89
96,2018-04-07,87
97,2018-04-08,89
98,2018-04-09,87
99,2018-04-10,83
100,2018-04-11,83
101,2018-04-12,84
102,2018-04-13,90
103,2018-04-14,94
104,2018-04-15,99
105,2018-04-16,82
106,2018-04-17,82
107,2018-04-18,88
108,2018-04-19,81
109,2018-04-20,81
110,2018-04-21,85
111,2018-04-22,85
112,2018-04-23,81
113,2018-04-24,84
114,2018-04-25,77
115,2018-04-26,80
116,2018-04-27,78
117,2018-04-28,83
118,2018-04-29,79
119,2018-04-30,81
120,2018-05-01,82
121,2018-05-02,78
122,2018-05-03,76
123,2018-05-04,78
124,2018-05-05,82
125,2018-05-06,72
126,2018-05-07,75
127,2018-05-08,76
128,2018-05-09,75
129,2018-05-10,82
130,2018-05-11,79
131,2018-05-12,82
132,2018-05-13,78
133,2018-05-14,75
134,2018-05-15,76
135,2018-05-16,85
136,2018-05-17,90
137,2018-05-18,88
138,2018-05-19,87
139,2018-05-20,86
140,2018-05-21,85
141,2018-05-22,83
142,2018-05-23,81
143,2018-05-24,79
144,2018-05-25,81
145,2018-05-26,84
146,2018-05-27,81
147,2018-05-28,78
148,2018-05-29,80
149,2018-05-30,83
150,2018-05-31,79
151,2018-06-01,72
152,2018-06-02,79
153,2018-06-03,74
154,2018-06-04,73
155,2018-06-05,72
156,2018-06-06,71
157,2018-06-07,72
158,2018-06-08,70
159,2018-06-09,77
160,2018-06-10,73
161,2018-06-11,72
162,2018-06-12,72
163,2018-06-13,71
164,2018-06-14,70
165,2018-06-15,68
166,2018-06-16,72
167,2018-06-17,72
168,2018-06-18,71
169,2018-06-19,70
170,2018-06-20,70
171,2018-06-21,69
172,2018-06-22,69
173,2018-06-23,74
174,2018-06-24,69
175,2018-06-25,73
176,2018-06-26,79
177,2018-06-27,69
178,2018-06-28,75
179,2018-06-29,74
180,2018-06-30,72
181,2018-07-01,77
182,2018-07-02,68
183,2018-07-03,71
184,2018-07-04,73
185,2018-07-05,71
186,2018-07-06,70
187,2018-07-07,72
188,2018-07-08,79
189,2018-07-09,72
190,2018-07-10,70
191,2018-07-11,68
192,2018-07-12,72
193,2018-07-13,72
194,2018-07-14,80
195,2018-07-15,79
196,2018-07-16,75
197,2018-07-17,77
198,2018-07-18,77
199,2018-07-19,82
200,2018-07-20,77
201,2018-07-21,82
202,2018-07-22,88
203,2018-07-23,79
204,2018-07-24,78
205,2018-07-25,76
206,2018-07-26,77
207,2018-07-27,78
208,2018-07-28,80
209,2018-07-29,82
210,2018-07-30,76
211,2018-07-31,77
212,2018-08-01,76
213,2018-08-02,80
214,2018-08-03,79
215,2018-08-04,82
216,2018-08-05,79
217,2018-08-06,80
218,2018-08-07,81
219,2018-08-08,76
220,2018-08-09,74
221,2018-08-10,75
222,2018-08-11,81
223,2018-08-12,82
224,2018-08-13,79
225,2018-08-14,82
226,2018-08-15,100
227,2018-08-16,98
228,2018-08-17,97
229,2018-08-18,98
230,2018-08-19,94
231,2018-08-20,86
232,2018-08-21,81
233,2018-08-22,86
234,2018-08-23,80
235,2018-08-24,83
236,2018-08-25,88
237,2018-08-26,82
238,2018-08-27,81
239,2018-08-28,79
240,2018-08-29,80
241,2018-08-30,78
242,2018-08-31,78
243,2018-09-01,84
244,2018-09-02,82
245,2018-09-03,78
246,2018-09-04,74
247,2018-09-05,74
248,2018-09-06,72
249,2018-09-07,75
250,2018-09-08,79
251,2018-09-09,79
252,2018-09-10,73
253,2018-09-11,72
254,2018-09-12,70
255,2018-09-13,73
256,2018-09-14,72
257,2018-09-15,80
258,2018-09-16,83
259,2018-09-17,75
260,2018-09-18,69
261,2018-09-19,72
262,2018-09-20,75
263,2018-09-21,74
264,2018-09-22,76
265,2018-09-23,75
266,2018-09-24,73
267,2018-09-25,72
268,2018-09-26,72
269,2018-09-27,71
270,2018-09-28,74
271,2018-09-29,77
272,2018-09-30,77
273,2018-10-01,71
274,2018-10-02,74
275,2018-10-03,75
276,2018-10-04,75
277,2018-10-05,76
278,2018-10-06,76
279,2018-10-07,72
280,2018-10-08,74
281,2018-10-09,74
282,2018-10-10,80
283,2018-10-11,79
284,2018-10-12,78
285,2018-10-13,79
286,2018-10-14,80
287,2018-10-15,76
288,2018-10-16,77
289,2018-10-17,71
290,2018-10-18,74
291,2018-10-19,67
292,2018-10-20,81
293,2018-10-21,77
294,2018-10-22,73
295,2018-10-23,72
296,2018-10-24,70
297,2018-10-25,74
298,2018-10-26,78
299,2018-10-27,80
300,2018-10-28,86
301,2018-10-29,76
302,2018-10-30,78
303,2018-10-31,74
304,2018-11-01,75
305,2018-11-02,78
306,2018-11-03,84
307,2018-11-04,81
308,2018-11-05,92
309,2018-11-06,74
310,2018-11-07,72
311,2018-11-08,77
312,2018-11-09,78
313,2018-11-10,82
314,2018-11-11,81
315,2018-11-12,79
316,2018-11-13,79
317,2018-11-14,77
318,2018-11-15,77
319,2018-11-16,77
320,2018-11-17,81
321,2018-11-18,83
322,2018-11-19,79
323,2018-11-20,78
324,2018-11-21,78
325,2018-11-22,81
326,2018-11-23,88
327,2018-11-24,91
328,2018-11-25,83
329,2018-11-26,79
330,2018-11-27,85
331,2018-11-28,80
332,2018-11-29,85
333,2018-11-30,83
334,2018-12-01,87
335,2018-12-02,81
336,2018-12-03,84
337,2018-12-04,81
338,2018-12-05,81
339,2018-12-06,78
340,2018-12-07,79
341,2018-12-08,87
342,2018-12-09,84
343,2018-12-10,83
344,2018-12-11,80
345,2018-12-12,81
346,2018-12-13,81
347,2018-12-14,81
348,2018-12-15,86
349,2018-12-16,78
350,2018-12-17,83
351,2018-12-18,83
352,2018-12-19,80
353,2018-12-20,84
354,2018-12-21,84
355,2018-12-22,86
356,2018-12-23,88
357,2018-12-24,79
358,2018-12-25,88
359,2018-12-26,87
360,2018-12-27,85
361,2018-12-28,86
362,2018-12-29,91
363,2018-12-30,81
364,2018-12-31,82
365,2019-01-01,79
366,2019-01-02,95
367,2019-01-03,91
368,2019-01-04,93
369,2019-01-05,99
370,2019-01-06,94
371,2019-01-07,88
372,2019-01-08,85
373,2019-01-09,85
374,2019-01-10,88
375,2019-01-11,87
376,2019-01-12,95
377,2019-01-13,87
378,2019-01-14,84
379,2019-01-15,83
380,2019-01-16,84
381,2019-01-17,82
382,2019-01-18,87
383,2019-01-19,94
384,2019-01-20,89
385,2019-01-21,83
386,2019-01-22,83
387,2019-01-23,84
388,2019-01-24,82
389,2019-01-25,81
390,2019-01-26,89
391,2019-01-27,100
392,2019-01-28,85
393,2019-01-29,84
394,2019-01-30,90
395,2019-01-31,86
396,2019-02-01,93
397,2019-02-02,92
398,2019-02-03,90
399,2019-02-04,86
400,2019-02-05,95
401,2019-02-06,84
402,2019-02-07,89
403,2019-02-08,88
404,2019-02-09,92
405,2019-02-10,89
406,2019-02-11,89
407,2019-02-12,85
408,2019-02-13,87
409,2019-02-14,87
410,2019-02-15,84
411,2019-02-16,92
412,2019-02-17,93
413,2019-02-18,87
414,2019-02-19,86
415,2019-02-20,88
416,2019-02-21,87
417,2019-02-22,88
418,2019-02-23,93
419,2019-02-24,88
420,2019-02-25,87
421,2019-02-26,82
422,2019-02-27,86
423,2019-02-28,82
424,2019-03-01,87
425,2019-03-02,93
426,2019-03-03,92
427,2019-03-04,86
428,2019-03-05,91
429,2019-03-06,82
430,2019-03-07,89
431,2019-03-08,90
432,2019-03-09,94
433,2019-03-10,89
434,2019-03-11,82
435,2019-03-12,87
436,2019-03-13,88
437,2019-03-14,89
438,2019-03-15,97
439,2019-03-16,92
440,2019-03-17,87
441,2019-03-18,87
442,2019-03-19,86
443,2019-03-20,82
444,2019-03-21,80
445,2019-03-22,85
446,2019-03-23,95
447,2019-03-24,92
448,2019-03-25,88
449,2019-03-26,87
450,2019-03-27,88
451,2019-03-28,85
452,2019-03-29,85
453,2019-03-30,90
454,2019-03-31,88
455,2019-04-01,86
456,2019-04-02,81
457,2019-04-03,88
458,2019-04-04,87
459,2019-04-05,84
460,2019-04-06,90
461,2019-04-07,87
462,2019-04-08,82
463,2019-04-09,82
464,2019-04-10,86
465,2019-04-11,79
466,2019-04-12,83
467,2019-04-13,87
468,2019-04-14,85
469,2019-04-15,80
470,2019-04-16,81
471,2019-04-17,83
472,2019-04-18,79
473,2019-04-19,90
474,2019-04-20,86
475,2019-04-21,96
476,2019-04-22,85
477,2019-04-23,85
478,2019-04-24,85
479,2019-04-25,81
480,2019-04-26,81
481,2019-04-27,87
482,2019-04-28,84
483,2019-04-29,78
484,2019-04-30,86
485,2019-05-01,87
486,2019-05-02,80
487,2019-05-03,88
488,2019-05-04,89
489,2019-05-05,84
490,2019-05-06,84
491,2019-05-07,95
492,2019-05-08,85
493,2019-05-09,83
494,2019-05-10,80
495,2019-05-11,87
496,2019-05-12,83
497,2019-05-13,83
498,2019-05-14,79
499,2019-05-15,79
500,2019-05-16,83
501,2019-05-17,85
502,2019-05-18,90
503,2019-05-19,88
504,2019-05-20,86
505,2019-05-21,84
506,2019-05-22,83
507,2019-05-23,77
508,2019-05-24,81
509,2019-05-25,86
510,2019-05-26,86
511,2019-05-27,81
512,2019-05-28,80
513,2019-05-29,84
514,2019-05-30,82
515,2019-05-31,85
516,2019-06-01,88
517,2019-06-02,69
518,2019-06-03,60
519,2019-06-04,65
520,2019-06-05,61
521,2019-06-06,63
522,2019-06-07,69
523,2019-06-08,69
524,2019-06-09,67
525,2019-06-10,64
526,2019-06-11,67
527,2019-06-12,66
528,2019-06-13,65
529,2019-06-14,68
530,2019-06-15,73
531,2019-06-16,76
532,2019-06-17,73
533,2019-06-18,73
534,2019-06-19,74
535,2019-06-20,82
536,2019-06-21,80
537,2019-06-22,84
538,2019-06-23,81
539,2019-06-24,83
540,2019-06-25,85
541,2019-06-26,86
542,2019-06-27,79
543,2019-06-28,76
544,2019-06-29,86
545,2019-06-30,100
546,2019-07-01,85
547,2019-07-02,78
548,2019-07-03,85
549,2019-07-04,88
550,2019-07-05,77
551,2019-07-06,84
552,2019-07-07,90
553,2019-07-08,98
554,2019-07-09,70
555,2019-07-10,67
556,2019-07-11,72
557,2019-07-12,71
558,2019-07-13,76
559,2019-07-14,70
560,2019-07-15,71
561,2019-07-16,69
562,2019-07-17,70
563,2019-07-18,76
564,2019-07-19,74
565,2019-07-20,81
566,2019-07-21,73
567,2019-07-22,73
568,2019-07-23,72
569,2019-07-24,72
570,2019-07-25,72
571,2019-07-26,70
572,2019-07-27,74
573,2019-07-28,73
574,2019-07-29,72
575,2019-07-30,75
576,2019-07-31,75
577,2019-08-01,74
578,2019-08-02,75
579,2019-08-03,76
580,2019-08-04,72
581,2019-08-05,83
582,2019-08-06,78
583,2019-08-07,86
584,2019-08-08,89
585,2019-08-09,87
586,2019-08-10,86
587,2019-08-11,81
588,2019-08-12,81
589,2019-08-13,86
590,2019-08-14,86
591,2019-08-15,80
592,2019-08-16,86
593,2019-08-17,84
594,2019-08-18,84
595,2019-08-19,81
596,2019-08-20,81
597,2019-08-21,79
598,2019-08-22,81
599,2019-08-23,80
600,2019-08-24,81
601,2019-08-25,79
602,2019-08-26,84
603,2019-08-27,85
604,2019-08-28,82
605,2019-08-29,85
606,2019-08-30,84
607,2019-08-31,83
608,2019-09-01,81
609,2019-09-02,76
610,2019-09-03,78
611,2019-09-04,84
612,2019-09-05,82
613,2019-09-06,84
614,2019-09-07,89
615,2019-09-08,80
616,2019-09-09,81
617,2019-09-10,86
618,2019-09-11,80
619,2019-09-12,94
620,2019-09-13,90
621,2019-09-14,90
622,2019-09-15,88
623,2019-09-16,91
624,2019-09-17,83
625,2019-09-18,86
626,2019-09-19,82
627,2019-09-20,88
628,2019-09-21,92
629,2019-09-22,82
630,2019-09-23,80
631,2019-09-24,81
632,2019-09-25,80
633,2019-09-26,83
634,2019-09-27,82
635,2019-09-28,80
636,2019-09-29,81
637,2019-09-30,76
638,2019-10-01,81
639,2019-10-02,77
640,2019-10-03,79
641,2019-10-04,81
642,2019-10-05,83
643,2019-10-06,75
644,2019-10-07,74
645,2019-10-08,77
646,2019-10-09,74
647,2019-10-10,76
648,2019-10-11,82
649,2019-10-12,83
650,2019-10-13,81
651,2019-10-14,77
652,2019-10-15,76
653,2019-10-16,75
654,2019-10-17,74
655,2019-10-18,78
656,2019-10-19,81
657,2019-10-20,81
658,2019-10-21,74
659,2019-10-22,77
660,2019-10-23,76
661,2019-10-24,76
662,2019-10-25,93
663,2019-10-26,80
664,2019-10-27,73
665,2019-10-28,72
666,2019-10-29,73
667,2019-10-30,74
668,2019-10-31,75
669,2019-11-01,74
670,2019-11-02,79
671,2019-11-03,73
672,2019-11-04,79
673,2019-11-05,76
674,2019-11-06,79
675,2019-11-07,78
676,2019-11-08,78
677,2019-11-09,80
678,2019-11-10,76
679,2019-11-11,77
680,2019-11-12,78
681,2019-11-13,75
682,2019-11-14,75
683,2019-11-15,78
684,2019-11-16,83
685,2019-11-17,81
686,2019-11-18,78
687,2019-11-19,78
688,2019-11-20,78
689,2019-11-21,78
690,2019-11-22,77
691,2019-11-23,80
692,2019-11-24,78
693,2019-11-25,75
694,2019-11-26,80
695,2019-11-27,77
696,2019-11-28,76
697,2019-11-29,82
698,2019-11-30,89
699,2019-12-01,78
700,2019-12-02,76
701,2019-12-03,79
702,2019-12-04,76
703,2019-12-05,76
704,2019-12-06,75
705,2019-12-07,81
706,2019-12-08,82
707,2019-12-09,74
708,2019-12-10,77
709,2019-12-11,75
710,2019-12-12,77
711,2019-12-13,79
712,2019-12-14,77
713,2019-12-15,78
714,2019-12-16,77
715,2019-12-17,76
716,2019-12-18,73
717,2019-12-19,76
718,2019-12-20,77
719,2019-12-21,80
720,2019-12-22,74
721,2019-12-23,76
722,2019-12-24,80
723,2019-12-25,79
724,2019-12-26,88
725,2019-12-27,83
726,2019-12-28,80
727,2019-12-29,80
728,2019-12-30,85
729,2019-12-31,79
730,2020-01-01,80
731,2020-01-02,60
732,2020-01-03,64
733,2020-01-04,68
734,2020-01-05,68
735,2020-01-06,72
736,2020-01-07,67
737,2020-01-08,67
738,2020-01-09,63
739,2020-01-10,63
740,2020-01-11,65
741,2020-01-12,62
742,2020-01-13,61
743,2020-01-14,58
744,2020-01-15,59
745,2020-01-16,58
746,2020-01-17,59
747,2020-01-18,64
748,2020-01-19,57
749,2020-01-20,56
750,2020-01-21,58
751,2020-01-22,56
752,2020-01-23,56
753,2020-01-24,57
754,2020-01-25,62
755,2020-01-26,55
756,2020-01-27,57
757,2020-01-28,59
758,2020-01-29,56
759,2020-01-30,55
760,2020-01-31,56
761,2020-02-01,61
762,2020-02-02,57
763,2020-02-03,56
764,2020-02-04,56
765,2020-02-05,56
766,2020-02-06,58
767,2020-02-07,58
768,2020-02-08,60
769,2020-02-09,56
770,2020-02-10,56
771,2020-02-11,57
772,2020-02-12,57
773,2020-02-13,56
774,2020-02-14,55
775,2020-02-15,56
776,2020-02-16,57
777,2020-02-17,58
778,2020-02-18,56
779,2020-02-19,56
780,2020-02-20,58
781,2020-02-21,66
782,2020-02-22,73
783,2020-02-23,65
784,2020-02-24,70
785,2020-02-25,71
786,2020-02-26,64
787,2020-02-27,62
788,2020-02-28,66
789,2020-02-29,68
790,2020-03-01,63
791,2020-03-02,67
792,2020-03-03,66
793,2020-03-04,63
794,2020-03-05,62
795,2020-03-06,69
796,2020-03-07,64
797,2020-03-08,62
798,2020-03-09,72
799,2020-03-10,63
800,2020-03-11,61
801,2020-03-12,71
802,2020-03-13,84
803,2020-03-14,81
804,2020-03-15,70
805,2020-03-16,84
806,2020-03-17,100
807,2020-03-18,98
808,2020-03-19,100
809,2020-03-20,88
810,2020-03-21,79
811,2020-03-22,67
812,2020-03-23,78
813,2020-03-24,65
814,2020-03-25,64
815,2020-03-26,61
816,2020-03-27,62
817,2020-03-28,63
818,2020-03-29,60
819,2020-03-30,60
820,2020-03-31,56
821,2020-04-01,55
822,2020-04-02,54
823,2020-04-03,55
824,2020-04-04,54
825,2020-04-05,51
826,2020-04-06,51
827,2020-04-07,54
828,2020-04-08,53
829,2020-04-09,52
830,2020-04-10,56
831,2020-04-11,53
832,2020-04-12,54
833,2020-04-13,55
834,2020-04-14,53
835,2020-04-15,55
836,2020-04-16,57
837,2020-04-17,55
838,2020-04-18,56
839,2020-04-19,57
840,2020-04-20,56
841,2020-04-21,57
842,2020-04-22,57
843,2020-04-23,55
844,2020-04-24,57
845,2020-04-25,61
846,2020-04-26,66
847,2020-04-27,57
848,2020-04-28,55
849,2020-04-29,52
850,2020-04-30,55
851,2020-05-01,57
852,2020-05-02,56
853,2020-05-03,57
854,2020-05-04,57
855,2020-05-05,56
856,2020-05-06,52
857,2020-05-07,55
858,2020-05-08,55
859,2020-05-09,59
860,2020-05-10,57
861,2020-05-11,57
862,2020-05-12,55
863,2020-05-13,57
864,2020-05-14,57
865,2020-05-15,58
866,2020-05-16,60
867,2020-05-17,60
868,2020-05-18,62
869,2020-05-19,59
870,2020-05-20,58
871,2020-05-21,58
872,2020-05-22,58
873,2020-05-23,58
874,2020-05-24,58
875,2020-05-25,57
876,2020-05-26,56
877,2020-05-27,56
878,2020-05-28,55
879,2020-05-29,58
880,2020-05-30,56
881,2020-05-31,57
882,2020-06-01,54
883,2020-06-02,54
884,2020-06-03,55
885,2020-06-04,56
886,2020-06-05,58
887,2020-06-06,60
888,2020-06-07,61
889,2020-06-08,58
890,2020-06-09,59
891,2020-06-10,57
892,2020-06-11,58
893,2020-06-12,55
894,2020-06-13,61
895,2020-06-14,57
896,2020-06-15,56
897,2020-06-16,54
898,2020-06-17,54
899,2020-06-18,55
900,2020-06-19,60
901,2020-06-20,60
902,2020-06-21,55
903,2020-06-22,59
904,2020-06-23,58
905,2020-06-24,59
906,2020-06-25,56
907,2020-06-26,61
908,2020-06-27,61
909,2020-06-28,60
910,2020-06-29,59
911,2020-06-30,59
912,2020-07-01,58
913,2020-07-02,62
914,2020-07-03,62
915,2020-07-04,64
916,2020-07-05,60
917,2020-07-06,60
918,2020-07-07,65
919,2020-07-08,67
920,2020-07-09,65
921,2020-07-10,64
922,2020-07-11,62
923,2020-07-12,59
924,2020-07-13,61
925,2020-07-14,60
926,2020-07-15,61
927,2020-07-16,62
928,2020-07-17,63
929,2020-07-18,62
930,2020-07-19,60
931,2020-07-20,64
932,2020-07-21,60
933,2020-07-22,68
934,2020-07-23,68
935,2020-07-24,70
936,2020-07-25,69
937,2020-07-26,66
938,2020-07-27,75
939,2020-07-28,81
940,2020-07-29,77
941,2020-07-30,73
942,2020-07-31,74
943,2020-08-01,72
944,2020-08-02,70
945,2020-08-03,70
946,2020-08-04,73
947,2020-08-05,82
948,2020-08-06,84
949,2020-08-07,82
950,2020-08-08,81
951,2020-08-09,72
952,2020-08-10,82
953,2020-08-11,79
954,2020-08-12,99
955,2020-08-13,100
956,2020-08-14,90
957,2020-08-15,83
958,2020-08-16,79
959,2020-08-17,87
960,2020-08-18,83
961,2020-08-19,74
962,2020-08-20,80
963,2020-08-21,74
964,2020-08-22,75
965,2020-08-23,71
966,2020-08-24,76
967,2020-08-25,77
968,2020-08-26,77
969,2020-08-27,76
970,2020-08-28,76
971,2020-08-29,75
972,2020-08-30,74
973,2020-08-31,74
974,2020-09-01,71
975,2020-09-02,72
976,2020-09-03,79
977,2020-09-04,76
978,2020-09-05,77
979,2020-09-06,67
980,2020-09-07,68
981,2020-09-08,67
982,2020-09-09,68
983,2020-09-10,65
984,2020-09-11,65
985,2020-09-12,68
986,2020-09-13,64
987,2020-09-14,65
988,2020-09-15,64
989,2020-09-16,65
990,2020-09-17,64
991,2020-09-18,65
992,2020-09-19,66
993,2020-09-20,61
994,2020-09-21,64
995,2020-09-22,69
996,2020-09-23,72
997,2020-09-24,71
998,2020-09-25,75
999,2020-09-26,74
1000,2020-09-27,68
1001,2020-09-28,68
1002,2020-09-29,67
1003,2020-09-30,69
1004,2020-10-01,65
1005,2020-10-02,65
1006,2020-10-03,68
1007,2020-10-04,65
1008,2020-10-05,64
1009,2020-10-06,65
1010,2020-10-07,63
1011,2020-10-08,63
1012,2020-10-09,62
1013,2020-10-10,65
1014,2020-10-11,61
1015,2020-10-12,63
1016,2020-10-13,63
1017,2020-10-14,62
1018,2020-10-15,62
1019,2020-10-16,66
1020,2020-10-17,68
1021,2020-10-18,65
1022,2020-10-19,63
1023,2020-10-20,61
1024,2020-10-21,60
1025,2020-10-22,61
1026,2020-10-23,61
1027,2020-10-24,63
1028,2020-10-25,65
1029,2020-10-26,63
1030,2020-10-27,64
1031,2020-10-28,63
1032,2020-10-29,62
1033,2020-10-30,61
1034,2020-10-31,62
1035,2020-11-01,59
1036,2020-11-02,63
1037,2020-11-03,61
1038,2020-11-04,50
1039,2020-11-05,56
1040,2020-11-06,56
1041,2020-11-07,66
1042,2020-11-08,64
1043,2020-11-09,70
1044,2020-11-10,74
1045,2020-11-11,71
1046,2020-11-12,74
1047,2020-11-13,76
1048,2020-11-14,66
1049,2020-11-15,65
1050,2020-11-16,65
1051,2020-11-17,63
1052,2020-11-18,63
1053,2020-11-19,65
1054,2020-11-20,65
1055,2020-11-21,65
1056,2020-11-22,64
1057,2020-11-23,62
1058,2020-11-24,72
1059,2020-11-25,72
1060,2020-11-26,71
1061,2020-11-27,77
1062,2020-11-28,79
1063,2020-11-29,76
1064,2020-11-30,80
1065,2020-12-01,79
1066,2020-12-02,76
1067,2020-12-03,74
1068,2020-12-04,77
1069,2020-12-05,73
1070,2020-12-06,70
1071,2020-12-07,71
1072,2020-12-08,66
1073,2020-12-09,67
1074,2020-12-10,69
1075,2020-12-11,69
1076,2020-12-12,74
1077,2020-12-13,66
1078,2020-12-14,66
1079,2020-12-15,65
1080,2020-12-16,67
1081,2020-12-17,65
1082,2020-12-18,66
1083,2020-12-19,65
1084,2020-12-20,62
1085,2020-12-21,64
1086,2020-12-22,69
1087,2020-12-23,65
1088,2020-12-24,67
1089,2020-12-25,68
1090,2020-12-26,69
1091,2020-12-27,64
1092,2020-12-28,69
1093,2020-12-29,69
1094,2020-12-30,67
1095,2020-12-31,67
1096,2021-01-01,61
1097,2021-01-02,71
1098,2021-01-03,67
1099,2021-01-04,66
1100,2021-01-05,65
1101,2021-01-06,67
1102,2021-01-07,69
1103,2021-01-08,67
1104,2021-01-09,72
1105,2021-01-10,70
1106,2021-01-11,70
1107,2021-01-12,72
1108,2021-01-13,63
1109,2021-01-14,63
1110,2021-01-15,66
1111,2021-01-16,71
1112,2021-01-17,67
1113,2021-01-18,65
1114,2021-01-19,65
1115,2021-01-20,65
1116,2021-01-21,63
1117,2021-01-22,64
1118,2021-01-23,69
1119,2021-01-24,63
1120,2021-01-25,64
1121,2021-01-26,61
1122,2021-01-27,62
1123,2021-01-28,64
1124,2021-01-29,67
1125,2021-01-30,67
1126,2021-01-31,64
1127,2021-02-01,80
1128,2021-02-02,76
1129,2021-02-03,75
1130,2021-02-04,80
1131,2021-02-05,83
1132,2021-02-06,85
1133,2021-02-07,74
1134,2021-02-08,76
1135,2021-02-09,76
1136,2021-02-10,71
1137,2021-02-11,73
1138,2021-02-12,73
1139,2021-02-13,77
1140,2021-02-14,67
1141,2021-02-15,70
1142,2021-02-16,66
1143,2021-02-17,73
1144,2021-02-18,80
1145,2021-02-19,82
1146,2021-02-20,86
1147,2021-02-21,77
1148,2021-02-22,79
1149,2021-02-23,72
1150,2021-02-24,71
1151,2021-02-25,72
1152,2021-02-26,76
1153,2021-02-27,82
1154,2021-02-28,73
1155,2021-03-01,80
1156,2021-03-02,86
1157,2021-03-03,87
1158,2021-03-04,88
1159,2021-03-05,95
1160,2021-03-06,100
1161,2021-03-07,90
1162,2021-03-08,89
1163,2021-03-09,88
1164,2021-03-10,85
1165,2021-03-11,76
1166,2021-03-12,82
1167,2021-03-13,84
1168,2021-03-14,80
1169,2021-03-15,74
1170,2021-03-16,80
1171,2021-03-17,80
1172,2021-03-18,75
1173,2021-03-19,79
1174,2021-03-20,75
1175,2021-03-21,71
1176,2021-03-22,75
1177,2021-03-23,70
1178,2021-03-24,70
1179,2021-03-25,66
1180,2021-03-26,72
1181,2021-03-27,73
1182,2021-03-28,64
1183,2021-03-29,65
1184,2021-03-30,76
1185,2021-03-31,76
1186,2021-04-01,76
1187,2021-04-02,76
1188,2021-04-03,73
1189,2021-04-04,72
1190,2021-04-05,75
1191,2021-04-06,67
1192,2021-04-07,68
1193,2021-04-08,69
1194,2021-04-09,70
1195,2021-04-10,74
1196,2021-04-11,67
1197,2021-04-12,71
1198,2021-04-13,63
1199,2021-04-14,64
1200,2021-04-15,66
1201,2021-04-16,66
1202,2021-04-17,69
1203,2021-04-18,67
1204,2021-04-19,66
1205,2021-04-20,62
1206,2021-04-21,60
1207,2021-04-22,62
1208,2021-04-23,64
1209,2021-04-24,66
1210,2021-04-25,59
1211,2021-04-26,62
1212,2021-04-27,59
1213,2021-04-28,61
1214,2021-04-29,61
1215,2021-04-30,59
1216,2021-05-01,65
1217,2021-05-02,63
1218,2021-05-03,65
1219,2021-05-04,62
1220,2021-05-05,59
1221,2021-05-06,61
1222,2021-05-07,61
1223,2021-05-08,64
1224,2021-05-09,60
1225,2021-05-10,59
1226,2021-05-11,58
1227,2021-05-12,58
1228,2021-05-13,58
1229,2021-05-14,66
1230,2021-05-15,61
1231,2021-05-16,60
1232,2021-05-17,61
1233,2021-05-18,58
1234,2021-05-19,57
1235,2021-05-20,63
1236,2021-05-21,60
1237,2021-05-22,59
1238,2021-05-23,57
1239,2021-05-24,60
1240,2021-05-25,58
1241,2021-05-26,58
1242,2021-05-27,58
1243,2021-05-28,59
1244,2021-05-29,60
1245,2021-05-30,57
1246,2021-05-31,57
1247,2021-06-01,57
1248,2021-06-02,57
1249,2021-06-03,59
1250,2021-06-04,58
1251,2021-06-05,61
1252,2021-06-06,63
1253,2021-06-07,58
1254,2021-06-08,58
1255,2021-06-09,57
1256,2021-06-10,57
1257,2021-06-11,54
1258,2021-06-12,60
1259,2021-06-13,58
1260,2021-06-14,57
1261,2021-06-15,59
1262,2021-06-16,59
1263,2021-06-17,61
1264,2021-06-18,64
1265,2021-06-19,65
1266,2021-06-20,62
1267,2021-06-21,65
1268,2021-06-22,64
1269,2021-06-23,60
1270,2021-06-24,61
1271,2021-06-25,63
1272,2021-06-26,64
1273,2021-06-27,59
1274,2021-06-28,61
1275,2021-06-29,62
1276,2021-06-30,64
1277,2021-07-01,64
1278,2021-07-02,63
1279,2021-07-03,62
1280,2021-07-04,63
1281,2021-07-05,59
1282,2021-07-06,59
1283,2021-07-07,58
1284,2021-07-08,62
1285,2021-07-09,61
1286,2021-07-10,63
1287,2021-07-11,62
1288,2021-07-12,69
1289,2021-07-13,63
1290,2021-07-14,64
1291,2021-07-15,63
1292,2021-07-16,65
1293,2021-07-17,68
1294,2021-07-18,66
1295,2021-07-19,66
1296,2021-07-20,62
1297,2021-07-21,65
1298,2021-07-22,65
1299,2021-07-23,61
1300,2021-07-24,66
1301,2021-07-25,84
1302,2021-07-26,83
1303,2021-07-27,81
1304,2021-07-28,72
1305,2021-07-29,86
1306,2021-07-30,80
1307,2021-07-31,72
1308,2021-08-01,80
1309,2021-08-02,87
1310,2021-08-03,72
1311,2021-08-04,70
1312,2021-08-05,70
1313,2021-08-06,73
1314,2021-08-07,100
1315,2021-08-08,88
1316,2021-08-09,86
1317,2021-08-10,75
1318,2021-08-11,70
1319,2021-08-12,72
1320,2021-08-13,70
1321,2021-08-14,66
1322,2021-08-15,65
1323,2021-08-16,62
1324,2021-08-17,61
1325,2021-08-18,62
1326,2021-08-19,61
1327,2021-08-20,61
1328,2021-08-21,63
1329,2021-08-22,60
1330,2021-08-23,60
1331,2021-08-24,61
1332,2021-08-25,57
1333,2021-08-26,60
1334,2021-08-27,59
1335,2021-08-28,62
1336,2021-08-29,57
1337,2021-08-30,59
1338,2021-08-31,58
1339,2021-09-01,59
1340,2021-09-02,55
1341,2021-09-03,57
1342,2021-09-04,61
1343,2021-09-05,57
1344,2021-09-06,56
1345,2021-09-07,56
1346,2021-09-08,58
1347,2021-09-09,55
1348,2021-09-10,53
1349,2021-09-11,61
1350,2021-09-12,60
1351,2021-09-13,57
1352,2021-09-14,57
1353,2021-09-15,56
1354,2021-09-16,56
1355,2021-09-17,63
1356,2021-09-18,66
1357,2021-09-19,60
1358,2021-09-20,60
1359,2021-09-21,60
1360,2021-09-22,61
1361,2021-09-23,60
1362,2021-09-24,62
1363,2021-09-25,63
1364,2021-09-26,59
1365,2021-09-27,57
1366,2021-09-28,61
1367,2021-09-29,59
1368,2021-09-30,60
1369,2021-10-01,61
1370,2021-10-02,62
1371,2021-10-03,60
1372,2021-10-04,56
1373,2021-10-05,58
1374,2021-10-06,57
1375,2021-10-07,59
1376,2021-10-08,59
1377,2021-10-09,63
1378,2021-10-10,57
1379,2021-10-11,56
1380,2021-10-12,60
1381,2021-10-13,58
1382,2021-10-14,59
1383,2021-10-15,60
1384,2021-10-16,61
1385,2021-10-17,59
1386,2021-10-18,59
1387,2021-10-19,56
1388,2021-10-20,59
1389,2021-10-21,60
1390,2021-10-22,59
1391,2021-10-23,64
1392,2021-10-24,60
1393,2021-10-25,63
1394,2021-10-26,62
1395,2021-10-27,60
1396,2021-10-28,62
1397,2021-10-29,62
1398,2021-10-30,64
1399,2021-10-31,62
1400,2021-11-01,63
1401,2021-11-02,70
1402,2021-11-03,59
1403,2021-11-04,60
1404,2021-11-05,59
1405,2021-11-06,60
1406,2021-11-07,56
1407,2021-11-08,59
1408,2021-11-09,60
1409,2021-11-10,60
1410,2021-11-11,62
1411,2021-11-12,64
1412,2021-11-13,61
1413,2021-11-14,62
1414,2021-11-15,64
1415,2021-11-16,59
1416,2021-11-17,59
1417,2021-11-18,58
1418,2021-11-19,58
1419,2021-11-20,59
1420,2021-11-21,60
1421,2021-11-22,61
1422,2021-11-23,59
1423,2021-11-24,62
1424,2021-11-25,64
1425,2021-11-26,65
1426,2021-11-27,67
1427,2021-11-28,61
1428,2021-11-29,61
1429,2021-11-30,60
1430,2021-12-01,64
1431,2021-12-02,63
1432,2021-12-03,62
1433,2021-12-04,66
1434,2021-12-05,62
1435,2021-12-06,58
1436,2021-12-07,60
1437,2021-12-08,60
1438,2021-12-09,58
1439,2021-12-10,60
1440,2021-12-11,68
1441,2021-12-12,58
1442,2021-12-13,58
1443,2021-12-14,57
1444,2021-12-15,57
1445,2021-12-16,58
1446,2021-12-17,59
1447,2021-12-18,61
1448,2021-12-19,61
1449,2021-12-20,57
1450,2021-12-21,59
1451,2021-12-22,56
1452,2021-12-23,58
1453,2021-12-24,59
1454,2021-12-25,62
1455,2021-12-26,60
1456,2021-12-27,61
1457,2021-12-28,61
1458,2021-12-29,58
1459,2021-12-30,61
1460,2021-12-31,60
1461,2022-01-01,63
1462,2022-01-02,44
1463,2022-01-03,44
1464,2022-01-04,100
1465,2022-01-05,33
1466,2022-01-06,35
1467,2022-01-07,45
1468,2022-01-08,46
1469,2022-01-09,42
1470,2022-01-10,41
1471,2022-01-11,42
1472,2022-01-12,40
1473,2022-01-13,78
1474,2022-01-14,32
1475,2022-01-15,41
1476,2022-01-16,44
1477,2022-01-17,33
1478,2022-01-18,35
1479,2022-01-19,37
1480,2022-01-20,37
1481,2022-01-21,38
1482,2022-01-22,43
1483,2022-01-23,41
1484,2022-01-24,87
1485,2022-01-25,35
1486,2022-01-26,36
1487,2022-01-27,38
1488,2022-01-28,44
1489,2022-01-29,46
1490,2022-01-30,41
1491,2022-01-31,41
1492,2022-02-01,42
1493,2022-02-02,44
1494,2022-02-03,43
1495,2022-02-04,41
1496,2022-02-05,45
1497,2022-02-06,45
1498,2022-02-07,45
1499,2022-02-08,40
1500,2022-02-09,43
1501,2022-02-10,37
1502,2022-02-11,46
1503,2022-02-12,48
1504,2022-02-13,44
1505,2022-02-14,47
1506,2022-02-15,46
1507,2022-02-16,45
1508,2022-02-17,45
1509,2022-02-18,47
1510,2022-02-19,48
1511,2022-02-20,46
1512,2022-02-21,45
1513,2022-02-22,46
1514,2022-02-23,43
1515,2022-02-24,62
1516,2022-02-25,58
1517,2022-02-26,53
1518,2022-02-27,51
1519,2022-02-28,51
1520,2022-03-01,46
1521,2022-03-02,49
1522,2022-03-03,48
1523,2022-03-04,50
1524,2022-03-05,51
1525,2022-03-06,48
1526,2022-03-07,57
1527,2022-03-08,55
1528,2022-03-09,55
1529,2022-03-10,56
1530,2022-03-11,53
1531,2022-03-12,52
1532,2022-03-13,47
1533,2022-03-14,49
1534,2022-03-15,47
1535,2022-03-16,48
1536,2022-03-17,49
1537,2022-03-18,50
1538,2022-03-19,47
1539,2022-03-20,47
1540,2022-03-21,47
1541,2022-03-22,47
1542,2022-03-23,45
1543,2022-03-24,44
1544,2022-03-25,45
1545,2022-03-26,46
1546,2022-03-27,46
1547,2022-03-28,44
1548,2022-03-29,44
1549,2022-03-30,43
1550,2022-03-31,44
1551,2022-04-01,43
1552,2022-04-02,45
1553,2022-04-03,45
1554,2022-04-04,44
1555,2022-04-05,45
1556,2022-04-06,43
1557,2022-04-07,46
1558,2022-04-08,44
1559,2022-04-09,45
1560,2022-04-10,48
1561,2022-04-11,45
1562,2022-04-12,45
1563,2022-04-13,45
1564,2022-04-14,42
1565,2022-04-15,46
1566,2022-04-16,46
1567,2022-04-17,42
1568,2022-04-18,45
1569,2022-04-19,44
1570,2022-04-20,45
1571,2022-04-21,45
1572,2022-04-22,44
1573,2022-04-23,48
1574,2022-04-24,45
1575,2022-04-25,46
1576,2022-04-26,45
1577,2022-04-27,44
1578,2022-04-28,49
1579,2022-04-29,47
1580,2022-04-30,47
1581,2022-05-01,46
1582,2022-05-02,48
1583,2022-05-03,55
1584,2022-05-04,46
1585,2022-05-05,46
1586,2022-05-06,46
1587,2022-05-07,48
1588,2022-05-08,43
1589,2022-05-09,44
1590,2022-05-10,45
1591,2022-05-11,44
1592,2022-05-12,45
1593,2022-05-13,47
1594,2022-05-14,47
1595,2022-05-15,45
1596,2022-05-16,48
1597,2022-05-17,45
1598,2022-05-18,42
1599,2022-05-19,42
1600,2022-05-20,43
1601,2022-05-21,42
1602,2022-05-22,43
1603,2022-05-23,42
1604,2022-05-24,42
1605,2022-05-25,41
1606,2022-05-26,42
1607,2022-05-27,42
1608,2022-05-28,44
1609,2022-05-29,42
1610,2022-05-30,42
1611,2022-05-31,41
1612,2022-06-01,41
1613,2022-06-02,73
1614,2022-06-03,80
1615,2022-06-04,80
1616,2022-06-05,76
1617,2022-06-06,75
1618,2022-06-07,75
1619,2022-06-08,75
1620,2022-06-09,78
1621,2022-06-10,73
1622,2022-06-11,80
1623,2022-06-12,76
1624,2022-06-13,77
1625,2022-06-14,83
1626,2022-06-15,80
1627,2022-06-16,82
1628,2022-06-17,74
1629,2022-06-18,80
1630,2022-06-19,81
1631,2022-06-20,76
1632,2022-06-21,73
1633,2022-06-22,77
1634,2022-06-23,74
1635,2022-06-24,77
1636,2022-06-25,80
1637,2022-06-26,75
1638,2022-06-27,77
1639,2022-06-28,74
1640,2022-06-29,74
1641,2022-06-30,77
1642,2022-07-01,80
1643,2022-07-02,86
1644,2022-07-03,83
1645,2022-07-04,78
1646,2022-07-05,79
1647,2022-07-06,86
1648,2022-07-07,84
1649,2022-07-08,80
1650,2022-07-09,87
1651,2022-07-10,80
1652,2022-07-11,82
1653,2022-07-12,85
1654,2022-07-13,83
1655,2022-07-14,81
1656,2022-07-15,83
1657,2022-07-16,89
1658,2022-07-17,86
1659,2022-07-18,86
1660,2022-07-19,84
1661,2022-07-20,85
1662,2022-07-21,85
1663,2022-07-22,88
1664,2022-07-23,88
1665,2022-07-24,82
1666,2022-07-25,84
1667,2022-07-26,84
1668,2022-07-27,82
1669,2022-07-28,84
1670,2022-07-29,87
1671,2022-07-30,87
1672,2022-07-31,88
1673,2022-08-01,85
1674,2022-08-02,79
1675,2022-08-03,85
1676,2022-08-04,84
1677,2022-08-05,86
1678,2022-08-06,89
1679,2022-08-07,90
1680,2022-08-08,88
1681,2022-08-09,82
1682,2022-08-10,81
1683,2022-08-11,79
1684,2022-08-12,82
1685,2022-08-13,83
1686,2022-08-14,82
1687,2022-08-15,77
1688,2022-08-16,79
1689,2022-08-17,82
1690,2022-08-18,81
1691,2022-08-19,80
1692,2022-08-20,86
1693,2022-08-21,81
1694,2022-08-22,82
1695,2022-08-23,81
1696,2022-08-24,79
1697,2022-08-25,76
1698,2022-08-26,79
1699,2022-08-27,85
1700,2022-08-28,80
1701,2022-08-29,79
1702,2022-08-30,80
1703,2022-08-31,76
1704,2022-09-01,80
1705,2022-09-02,83
1706,2022-09-03,82
1707,2022-09-04,78
1708,2022-09-05,76
1709,2022-09-06,77
1710,2022-09-07,76
1711,2022-09-08,74
1712,2022-09-09,77
1713,2022-09-10,86
1714,2022-09-11,78
1715,2022-09-12,77
1716,2022-09-13,75
1717,2022-09-14,77
1718,2022-09-15,84
1719,2022-09-16,87
1720,2022-09-17,88
1721,2022-09-18,80
1722,2022-09-19,87
1723,2022-09-20,83
1724,2022-09-21,85
1725,2022-09-22,87
1726,2022-09-23,84
1727,2022-09-24,89
1728,2022-09-25,80
1729,2022-09-26,85
1730,2022-09-27,86
1731,2022-09-28,84
1732,2022-09-29,82
1733,2022-09-30,81
1734,2022-10-01,83
1735,2022-10-02,78
1736,2022-10-03,80
1737,2022-10-04,79
1738,2022-10-05,83
1739,2022-10-06,82
1740,2022-10-07,87
1741,2022-10-08,84
1742,2022-10-09,78
1743,2022-10-10,82
1744,2022-10-11,80
1745,2022-10-12,83
1746,2022-10-13,83
1747,2022-10-14,83
1748,2022-10-15,86
1749,2022-10-16,78
1750,2022-10-17,80
1751,2022-10-18,80
1752,2022-10-19,81
1753,2022-10-20,79
1754,2022-10-21,87
1755,2022-10-22,100
1756,2022-10-23,85
1757,2022-10-24,73
1758,2022-10-25,75
1759,2022-10-26,74
1760,2022-10-27,76
1761,2022-10-28,79
1762,2022-10-29,84
1763,2022-10-30,74
1764,2022-10-31,73
1765,2022-11-01,81
1766,2022-11-02,79
1767,2022-11-03,80
1768,2022-11-04,80
1769,2022-11-05,84
1770,2022-11-06,77
1771,2022-11-07,76
1772,2022-11-08,75
1773,2022-11-09,73
1774,2022-11-10,77
1775,2022-11-11,81
1776,2022-11-12,84
1777,2022-11-13,80
1778,2022-11-14,85
1779,2022-11-15,79
1780,2022-11-16,79
1781,2022-11-17,75
1782,2022-11-18,81
1783,2022-11-19,84
1784,2022-11-20,79
1785,2022-11-21,75
1786,2022-11-22,72
1787,2022-11-23,73
1788,2022-11-24,71
1789,2022-11-25,78
1790,2022-11-26,81
1791,2022-11-27,75
1792,2022-11-28,78
1793,2022-11-29,78
1794,2022-11-30,72
1795,2022-12-01,79
1796,2022-12-02,80
1797,2022-12-03,82
1798,2022-12-04,78
1799,2022-12-05,80
1800,2022-12-06,79
1801,2022-12-07,77
1802,2022-12-08,78
1803,2022-12-09,79
1804,2022-12-10,78
1805,2022-12-11,79
1806,2022-12-12,80
1807,2022-12-13,78
1808,2022-12-14,78
1809,2022-12-15,77
1810,2022-12-16,80
1811,2022-12-17,85
1812,2022-12-18,78
1813,2022-12-19,82
1814,2022-12-20,82
1815,2022-12-21,84
1816,2022-12-22,80
1817,2022-12-23,85
1818,2022-12-24,84
1819,2022-12-25,80
1820,2022-12-26,85
1821,2022-12-27,88
1822,2022-12-28,84
1823,2022-12-29,88
1824,2022-12-30,86
1825,2022-12-31,86
1826,2023-01-01,82
1827,2023-01-02,84
1828,2023-01-03,79
1829,2023-01-04,84
1830,2023-01-05,83
1831,2023-01-06,84
1832,2023-01-07,84
1833,2023-01-08,79
1834,2023-01-09,81
1835,2023-01-10,77
1836,2023-01-11,75
1837,2023-01-12,78
1838,2023-01-13,76
1839,2023-01-14,77
1840,2023-01-15,75
1841,2023-01-16,80
1842,2023-01-17,78
1843,2023-01-18,76
1844,2023-01-19,75
1845,2023-01-20,77
1846,2023-01-21,78
1847,2023-01-22,77
1848,2023-01-23,77
1849,2023-01-24,78
1850,2023-01-25,78
1851,2023-01-26,76
1852,2023-01-27,80
1853,2023-01-28,88
1854,2023-01-29,79
1855,2023-01-30,79
1856,2023-01-31,85
1857,2023-02-01,85
1858,2023-02-02,90
1859,2023-02-03,89
1860,2023-02-04,87
1861,2023-02-05,84
1862,2023-02-06,87
1863,2023-02-07,78
1864,2023-02-08,79
1865,2023-02-09,76
1866,2023-02-10,76
1867,2023-02-11,83
1868,2023-02-12,81
1869,2023-02-13,82
1870,2023-02-14,79
1871,2023-02-15,80
1872,2023-02-16,78
1873,2023-02-17,78
1874,2023-02-18,83
1875,2023-02-19,85
1876,2023-02-20,76
1877,2023-02-21,76
1878,2023-02-22,79
1879,2023-02-23,75
1880,2023-02-24,79
1881,2023-02-25,89
1882,2023-02-26,81
1883,2023-02-27,81
1884,2023-02-28,82
1885,2023-03-01,70
1886,2023-03-02,75
1887,2023-03-03,76
1888,2023-03-04,79
1889,2023-03-05,77
1890,2023-03-06,81
1891,2023-03-07,71
1892,2023-03-08,72
1893,2023-03-09,76
1894,2023-03-10,82
1895,2023-03-11,82
1896,2023-03-12,79
1897,2023-03-13,82
1898,2023-03-14,82
1899,2023-03-15,81
1900,2023-03-16,79
1901,2023-03-17,88
1902,2023-03-18,91
1903,2023-03-19,86
1904,2023-03-20,92
1905,2023-03-21,90
1906,2023-03-22,83
1907,2023-03-23,84
1908,2023-03-24,89
1909,2023-03-25,86
1910,2023-03-26,82
1911,2023-03-27,85
1912,2023-03-28,79
1913,2023-03-29,79
1914,2023-03-30,76
1915,2023-03-31,81
1916,2023-04-01,88
1917,2023-04-02,82
1918,2023-04-03,80
1919,2023-04-04,83
1920,2023-04-05,83
1921,2023-04-06,85
1922,2023-04-07,81
1923,2023-04-08,86
1924,2023-04-09,80
1925,2023-04-10,87
1926,2023-04-11,82
1927,2023-04-12,82
1928,2023-04-13,79
1929,2023-04-14,85
1930,2023-04-15,86
1931,2023-04-16,86
1932,2023-04-17,81
1933,2023-04-18,78
1934,2023-04-19,71
1935,2023-04-20,80
1936,2023-04-21,83
1937,2023-04-22,100
1938,2023-04-23,83
1939,2023-04-24,81
1940,2023-04-25,74
1941,2023-04-26,76
1942,2023-04-27,75
1943,2023-04-28,78
1944,2023-04-29,77
1945,2023-04-30,77
1946,2023-05-01,80
1947,2023-05-02,76
1948,2023-05-03,76
1949,2023-05-04,78
1950,2023-05-05,80
1951,2023-05-06,79
1952,2023-05-07,75
1953,2023-05-08,81
1954,2023-05-09,72
1955,2023-05-10,76
1956,2023-05-11,76
1957,2023-05-12,76
1958,2023-05-13,76
1959,2023-05-14,74
1960,2023-05-15,75
1961,2023-05-16,76
1962,2023-05-17,77
1963,2023-05-18,75
1964,2023-05-19,79
1965,2023-05-20,80
1966,2023-05-21,75
1967,2023-05-22,77
1968,2023-05-23,77
1969,2023-05-24,72
1970,2023-05-25,77
1971,2023-05-26,75
1972,2023-05-27,81
1973,2023-05-28,77
1974,2023-05-29,77
1975,2023-05-30,77
1976,2023-05-31,72
1977,2023-06-01,73
1978,2023-06-02,77
1979,2023-06-03,79
1980,2023-06-04,74
1981,2023-06-05,77
1982,2023-06-06,71
1983,2023-06-07,69
1984,2023-06-08,71
1985,2023-06-09,71
1986,2023-06-10,74
1987,2023-06-11,71
1988,2023-06-12,70
1989,2023-06-13,71
1990,2023-06-14,70
1991,2023-06-15,74
1992,2023-06-16,74
1993,2023-06-17,76
1994,2023-06-18,73
1995,2023-06-19,74
1996,2023-06-20,72
1997,2023-06-21,72
1998,2023-06-22,76
1999,2023-06-23,78
2000,2023-06-24,79
2001,2023-06-25,85
2002,2023-06-26,79
2003,2023-06-27,78
2004,2023-06-28,80
2005,2023-06-29,77
2006,2023-06-30,84
2007,2023-07-01,84
2008,2023-07-02,87
2009,2023-07-03,90
2010,2023-07-04,84
2011,2023-07-05,83
2012,2023-07-06,80
2013,2023-07-07,79
2014,2023-07-08,83
2015,2023-07-09,89
2016,2023-07-10,88
2017,2023-07-11,77
2018,2023-07-12,81
2019,2023-07-13,87
2020,2023-07-14,83
2021,2023-07-15,80
2022,2023-07-16,83
2023,2023-07-17,82
2024,2023-07-18,76
2025,2023-07-19,76
2026,2023-07-20,73
2027,2023-07-21,74
2028,2023-07-22,76
2029,2023-07-23,74
2030,2023-07-24,73
2031,2023-07-25,74
2032,2023-07-26,74
2033,2023-07-27,72
2034,2023-07-28,74
2035,2023-07-29,75
2036,2023-07-30,75
2037,2023-07-31,75
2038,2023-08-01,72
2039,2023-08-02,74
2040,2023-08-03,74
2041,2023-08-04,75
2042,2023-08-05,73
2043,2023-08-06,72
2044,2023-08-07,74
2045,2023-08-08,70
2046,2023-08-09,75
2047,2023-08-10,74
2048,2023-08-11,77
2049,2023-08-12,72
2050,2023-08-13,78
2051,2023-08-14,73
2052,2023-08-15,72
2053,2023-08-16,70
2054,2023-08-17,73
2055,2023-08-18,77
2056,2023-08-19,78
2057,2023-08-20,72
2058,2023-08-21,73
2059,2023-08-22,72
2060,2023-08-23,74
2061,2023-08-24,72
2062,2023-08-25,70
2063,2023-08-26,74
2064,2023-08-27,73
2065,2023-08-28,73
2066,2023-08-29,70
2067,2023-08-30,69
2068,2023-08-31,72
2069,2023-09-01,70
2070,2023-09-02,73
2071,2023-09-03,73
2072,2023-09-04,72
2073,2023-09-05,70
2074,2023-09-06,69
2075,2023-09-07,72
2076,2023-09-08,75
2077,2023-09-09,76
2078,2023-09-10,77
2079,2023-09-11,73
2080,2023-09-12,71
2081,2023-09-13,77
2082,2023-09-14,73
2083,2023-09-15,74
2084,2023-09-16,74
2085,2023-09-17,74
2086,2023-09-18,67
2087,2023-09-19,70
2088,2023-09-20,70
2089,2023-09-21,71
2090,2023-09-22,71
2091,2023-09-23,75
2092,2023-09-24,71
2093,2023-09-25,74
2094,2023-09-26,69
2095,2023-09-27,76
2096,2023-09-28,80
2097,2023-09-29,78
2098,2023-09-30,86
2099,2023-10-01,83
2100,2023-10-02,83
2101,2023-10-03,89
2102,2023-10-04,91
2103,2023-10-05,94
2104,2023-10-06,91
2105,2023-10-07,99
2106,2023-10-08,90
2107,2023-10-09,97
2108,2023-10-10,89
2109,2023-10-11,81
2110,2023-10-12,80
2111,2023-10-13,84
2112,2023-10-14,84
2113,2023-10-15,83
2114,2023-10-16,83
2115,2023-10-17,76
2116,2023-10-18,79
2117,2023-10-19,79
2118,2023-10-20,75
2119,2023-10-21,80
2120,2023-10-22,74
2121,2023-10-23,73
2122,2023-10-24,75
2123,2023-10-25,76
2124,2023-10-26,80
2125,2023-10-27,76
2126,2023-10-28,77
2127,2023-10-29,76
2128,2023-10-30,76
2129,2023-10-31,75
2130,2023-11-01,77
2131,2023-11-02,72
2132,2023-11-03,79
2133,2023-11-04,80
2134,2023-11-05,81
2135,2023-11-06,80
2136,2023-11-07,75
2137,2023-11-08,78
2138,2023-11-09,82
2139,2023-11-10,100
2140,2023-11-11,85
2141,2023-11-12,74
2142,2023-11-13,75
2143,2023-11-14,76
2144,2023-11-15,73
2145,2023-11-16,73
2146,2023-11-17,71
2147,2023-11-18,81
2148,2023-11-19,72
2149,2023-11-20,76
2150,2023-11-21,74
2151,2023-11-22,74
2152,2023-11-23,70
2153,2023-11-24,75
2154,2023-11-25,83
2155,2023-11-26,75
2156,2023-11-27,74
2157,2023-11-28,77
2158,2023-11-29,81
2159,2023-11-30,76
2160,2023-12-01,78
2161,2023-12-02,84
2162,2023-12-03,76
2163,2023-12-04,85
2164,2023-12-05,85
2165,2023-12-06,82
2166,2023-12-07,77
2167,2023-12-08,82
2168,2023-12-09,89
2169,2023-12-10,82
2170,2023-12-11,83
2171,2023-12-12,82
2172,2023-12-13,81
2173,2023-12-14,82
2174,2023-12-15,80
2175,2023-12-16,82
2176,2023-12-17,78
2177,2023-12-18,83
2178,2023-12-19,79
2179,2023-12-20,80
2180,2023-12-21,78
2181,2023-12-22,76
2182,2023-12-23,77
2183,2023-12-24,76
2184,2023-12-25,82
2185,2023-12-26,87
2186,2023-12-27,82
2187,2023-12-28,84
2188,2023-12-29,85
2189,2023-12-30,83
2190,2023-12-31,78
2191,2024-01-01,82
2192,2024-01-02,83
2193,2024-01-03,81
2194,2024-01-04,82
2195,2024-01-05,87
2196,2024-01-06,89
2197,2024-01-07,84
2198,2024-01-08,79
2199,2024-01-09,76
2200,2024-01-10,74
2201,2024-01-11,73
2202,2024-01-12,78
2203,2024-01-13,83
2204,2024-01-14,75
2205,2024-01-15,73
2206,2024-01-16,73
2207,2024-01-17,71
2208,2024-01-18,72
2209,2024-01-19,76
2210,2024-01-20,78
2211,2024-01-21,71
2212,2024-01-22,72
2213,2024-01-23,74
2214,2024-01-24,74
2215,2024-01-25,74
2216,2024-01-26,73
2217,2024-01-27,73
2218,2024-01-28,73
2219,2024-01-29,69
2220,2024-01-30,69
2221,2024-01-31,73
2222,2024-02-01,73
2223,2024-02-02,72
2224,2024-02-03,76
2225,2024-02-04,74
2226,2024-02-05,73
2227,2024-02-06,72
2228,2024-02-07,69
2229,2024-02-08,69
2230,2024-02-09,72
2231,2024-02-10,77
2232,2024-02-11,74
2233,2024-02-12,70
2234,2024-02-13,76
2235,2024-02-14,75
2236,2024-02-15,75
2237,2024-02-16,71
2238,2024-02-17,77
2239,2024-02-18,74
2240,2024-02-19,72
2241,2024-02-20,72
2242,2024-02-21,71
2243,2024-02-22,71
2244,2024-02-23,74
2245,2024-02-24,76
2246,2024-02-25,73
2247,2024-02-26,70
2248,2024-02-27,72
2249,2024-02-28,69
2250,2024-02-29,73
2251,2024-03-01,67
2252,2024-03-02,77
2253,2024-03-03,76
2254,2024-03-04,76
2255,2024-03-05,75
2256,2024-03-06,73
2257,2024-03-07,80
2258,2024-03-08,79
2259,2024-03-09,86
2260,2024-03-10,77
2261,2024-03-11,76
2262,2024-03-12,74
2263,2024-03-13,75
2264,2024-03-14,72
2265,2024-03-15,76
2266,2024-03-16,80
2267,2024-03-17,79
2268,2024-03-18,68
2269,2024-03-19,70
2270,2024-03-20,75
2271,2024-03-21,77
2272,2024-03-22,73
2273,2024-03-23,77
2274,2024-03-24,77
2275,2024-03-25,68
2276,2024-03-26,70
2277,2024-03-27,74
2278,2024-03-28,75
2279,2024-03-29,83
2280,2024-03-30,87
2281,2024-03-31,78
2282,2024-04-01,85
2283,2024-04-02,84
2284,2024-04-03,84
2285,2024-04-04,84
2286,2024-04-05,85
2287,2024-04-06,89
2288,2024-04-07,84
2289,2024-04-08,85
2290,2024-04-09,79
2291,2024-04-10,84
2292,2024-04-11,88
2293,2024-04-12,97
2294,2024-04-13,97
2295,2024-04-14,96
2296,2024-04-15,91
2297,2024-04-16,87
2298,2024-04-17,81
2299,2024-04-18,86
2300,2024-04-19,88
2301,2024-04-20,87
2302,2024-04-21,80
2303,2024-04-22,85
2304,2024-04-23,86
2305,2024-04-24,88
2306,2024-04-25,84
2307,2024-04-26,84
2308,2024-04-27,83
2309,2024-04-28,82
2310,2024-04-29,83
2311,2024-04-30,80
2312,2024-05-01,85
2313,2024-05-02,85
2314,2024-05-03,86
2315,2024-05-04,88
2316,2024-05-05,80
2317,2024-05-06,80
2318,2024-05-07,77
2319,2024-05-08,75
2320,2024-05-09,85
2321,2024-05-10,100
2322,2024-05-11,77
2323,2024-05-12,75
2324,2024-05-13,77
2325,2024-05-14,76
2326,2024-05-15,77
2327,2024-05-16,79
2328,2024-05-17,78
2329,2024-05-18,83
2330,2024-05-19,74
2331,2024-05-20,81
2332,2024-05-21,79
2333,2024-05-22,73
2334,2024-05-23,78
2335,2024-05-24,80
2336,2024-05-25,79
2337,2024-05-26,78
2338,2024-05-27,76
2339,2024-05-28,75
2340,2024-05-29,70
2341,2024-05-30,77
2342,2024-05-31,75
2343,2024-06-01,80
2344,2024-06-02,58
2345,2024-06-03,57
2346,2024-06-04,56
2347,2024-06-05,54
2348,2024-06-06,55
2349,2024-06-07,56
2350,2024-06-08,62
2351,2024-06-09,58
2352,2024-06-10,58
2353,2024-06-11,56
2354,2024-06-12,53
2355,2024-06-13,56
2356,2024-06-14,53
2357,2024-06-15,56
2358,2024-06-16,54
2359,2024-06-17,52
2360,2024-06-18,54
2361,2024-06-19,54
2362,2024-06-20,52
2363,2024-06-21,56
2364,2024-06-22,55
2365,2024-06-23,52
2366,2024-06-24,54
2367,2024-06-25,51
2368,2024-06-26,53
2369,2024-06-27,53
2370,2024-06-28,52
2371,2024-06-29,55
2372,2024-06-30,53
2373,2024-07-01,52
2374,2024-07-02,48
2375,2024-07-03,53
2376,2024-07-04,51
2377,2024-07-05,53
2378,2024-07-06,55
2379,2024-07-07,55
2380,2024-07-08,54
2381,2024-07-09,52
2382,2024-07-10,52
2383,2024-07-11,53
2384,2024-07-12,55
2385,2024-07-13,56
2386,2024-07-14,54
2387,2024-07-15,53
2388,2024-07-16,56
2389,2024-07-17,59
2390,2024-07-18,59
2391,2024-07-19,59
2392,2024-07-20,61
2393,2024-07-21,60
2394,2024-07-22,57
2395,2024-07-23,83
2396,2024-07-24,85
2397,2024-07-25,84
2398,2024-07-26,86
2399,2024-07-27,89
2400,2024-07-28,88
2401,2024-07-29,91
2402,2024-07-30,82
2403,2024-07-31,81
2404,2024-08-01,79
2405,2024-08-02,79
2406,2024-08-03,88
2407,2024-08-04,89
2408,2024-08-05,90
2409,2024-08-06,81
2410,2024-08-07,75
2411,2024-08-08,94
2412,2024-08-09,100
2413,2024-08-10,98
2414,2024-08-11,96
2415,2024-08-12,74
2416,2024-08-13,72
2417,2024-08-14,67
2418,2024-08-15,65
2419,2024-08-16,66
2420,2024-08-17,68
2421,2024-08-18,66
2422,2024-08-19,62
2423,2024-08-20,66
2424,2024-08-21,62
2425,2024-08-22,63
2426,2024-08-23,61
2427,2024-08-24,64
2428,2024-08-25,62
2429,2024-08-26,58
2430,2024-08-27,56
2431,2024-08-28,56
2432,2024-08-29,58
2433,2024-08-30,61
2434,2024-08-31,60
2435,2024-09-01,57
2436,2024-09-02,59
2437,2024-09-03,60
2438,2024-09-04,57
2439,2024-09-05,55
2440,2024-09-06,58
2441,2024-09-07,60
2442,2024-09-08,59
2443,2024-09-09,57
2444,2024-09-10,53
2445,2024-09-11,57
2446,2024-09-12,56
2447,2024-09-13,59
2448,2024-09-14,62
2449,2024-09-15,57
2450,2024-09-16,57
2451,2024-09-17,57
2452,2024-09-18,63
2453,2024-09-19,58
2454,2024-09-20,60
2455,2024-09-21,65
2456,2024-09-22,60
2457,2024-09-23,64
2458,2024-09-24,62
2459,2024-09-25,61
2460,2024-09-26,63
2461,2024-09-27,57
2462,2024-09-28,63
2463,2024-09-29,57
2464,2024-09-30,60
2465,2024-10-01,60
2466,2024-10-02,59
2467,2024-10-03,60
2468,2024-10-04,63
2469,2024-10-05,59
2470,2024-10-06,58
2471,2024-10-07,59
2472,2024-10-08,58
2473,2024-10-09,57
2474,2024-10-10,58
2475,2024-10-11,61
2476,2024-10-12,63
2477,2024-10-13,61
2478,2024-10-14,59
2479,2024-10-15,55
2480,2024-10-16,59
2481,2024-10-17,63
2482,2024-10-18,66
2483,2024-10-19,67
2484,2024-10-20,62
2485,2024-10-21,67
2486,2024-10-22,67
2487,2024-10-23,67
2488,2024-10-24,66
2489,2024-10-25,66
2490,2024-10-26,61
2491,2024-10-27,64
2492,2024-10-28,67
2493,2024-10-29,76
2494,2024-10-30,65
2495,2024-10-31,62
2496,2024-11-01,65
2497,2024-11-02,67
2498,2024-11-03,70
2499,2024-11-04,64
2500,2024-11-05,58
2501,2024-11-06,59
2502,2024-11-07,71
2503,2024-11-08,71
2504,2024-11-09,69
2505,2024-11-10,65
2506,2024-11-11,69
2507,2024-11-12,74
2508,2024-11-13,74
2509,2024-11-14,79
2510,2024-11-15,76
2511,2024-11-16,75
2512,2024-11-17,73
2513,2024-11-18,77
2514,2024-11-19,72
2515,2024-11-20,68
2516,2024-11-21,67
2517,2024-11-22,68
2518,2024-11-23,63
2519,2024-11-24,64
2520,2024-11-25,66
2521,2024-11-26,67
2522,2024-11-27,63
2523,2024-11-28,66
2524,2024-11-29,70
2525,2024-11-30,66
2526,2024-12-01,67
2527,2024-12-02,69
2528,2024-12-03,64
2529,2024-12-04,63
