Date,Gold Price,Gold,SMA_20,SMA_50,RSI,Signal,Action
2020-01-02,1538.715,87,,,,0,Hold
2020-01-03,1551.515,87,,,,0,Hold
2020-01-06,1559.165,91,,,,0,Hold
2020-01-07,1593.105,86,,,,0,Hold
2020-01-08,1558.325,88,,,,0,Hold
2020-01-09,1547.035,82,,,,0,Hold
2020-01-10,1561.785,81,,,,0,Hold
2020-01-13,1538.875,82,,,,0,Hold
2020-01-14,1551.965,80,,,,0,Hold
2020-01-15,1555.735,84,,,,0,Hold
2020-01-16,1555.588,84,,,,0,Hold
2020-01-17,1556.945,79,,,,0,Hold
2020-01-21,1552.935,79,,,,0,Hold
2020-01-22,1558.795,77,,,56.03532226456837,0,Hold
2020-01-23,1559.675,77,,,56.26666826123875,0,Hold
2020-01-24,1571.455,80,,,55.9982913593319,0,Hold
2020-01-27,1579.555,80,,,56.11709787356601,0,Hold
2020-01-28,1565.385,78,,,40.56462483151115,0,Hold
2020-01-29,1578.938,79,,,58.20143713146651,0,Hold
2020-01-30,1571.655,79,1560.3573000000001,,60.118362650008144,0,Hold
2020-01-31,1589.325,82,1562.8878,,61.05313854551287,0,Hold
2020-02-03,1575.105,77,1564.0673000000002,,65.63120200189832,0,Hold
2020-02-04,1557.155,82,1563.9668,,52.149068322981385,0,Hold
2020-02-05,1553.068,77,1561.96495,,48.89854378154249,0,Hold
2020-02-06,1565.688,80,1562.3331,,53.78163846038644,0,Hold
2020-02-07,1570.198,79,1563.49125,,54.84772446284744,0,Hold
2020-02-10,1568.705,83,1563.83725,,55.87660982590027,0,Hold
2020-02-11,1567.135,78,1565.25025,,53.210507675961956,0,Hold
2020-02-12,1573.708,78,1566.3374,,55.17521150030611,0,Hold
2020-02-13,1574.595,79,1567.2804,,51.25916301749999,0,Hold
2020-02-14,1583.648,78,1568.6834,,51.6288732002005,0,Hold
2020-02-18,1601.805,82,1570.9263999999998,,64.04810763272795,0,Hold
2020-02-19,1609.465,80,1573.7529,,62.33583603404093,0,Hold
2020-02-20,1625.995,84,1577.1129,,70.43164385621891,0,Hold
2020-02-21,1643.148,88,1581.28655,,70.31623925171549,0,Hold
2020-02-24,1655.535,100,1585.49055,,80.78542448135951,0,Hold
2020-02-25,1641.465,92,1588.58605,,83.25838264299789,0,Hold
2020-02-26,1652.258,85,1592.9297000000001,,87.16206090396821,0,Hold
2020-02-27,1638.795,88,1595.92255,,77.21799864481483,0,Hold
2020-02-28,1585.435,94,1596.61155,,54.159727871842,0,Hold
2020-03-02,1600.058,86,1597.1482,,57.98684525598765,0,Hold
2020-03-03,1643.018,81,1600.54385,,65.96400876849734,0,Hold
2020-03-04,1639.648,83,1604.6685,,64.06174029496808,0,Hold
2020-03-05,1678.358,84,1610.933,,69.05383618141013,0,Hold
2020-03-06,1673.548,88,1616.326,,66.76950971101972,0,Hold
2020-03-09,1666.585,100,1621.14535,,62.61037484621491,0,Hold
2020-03-10,1658.785,83,1625.6493500000001,,59.595629435935756,0,Hold
2020-03-11,1636.898,79,1629.1375,,52.077957224917945,0,Hold
2020-03-12,1559.975,85,1628.45085,,37.089709082668236,0,Hold
2020-03-13,1529.348,88,1626.1884999999997,1588.51196,31.462661483903773,1,Buy
2020-03-16,1500.768,87,1622.0445,1587.7530199999999,30.176205867517353,0,Hold
2020-03-17,1532.278,82,1618.56815,1587.3682800000001,34.02762616284953,0,Hold
2020-03-18,1469.278,82,1611.5588,1585.57054,30.062593649367372,0,Hold
2020-03-19,1483.678,79,1604.4429499999999,1583.382,36.824605153782244,0,Hold
2020-03-20,1498.698,76,1597.22045,1582.18946,36.8894867549669,0,Hold
2020-03-23,1571.548,75,1593.0211000000002,1582.67972,41.419137951734896,0,Hold
2020-03-24,1614.798,84,1591.68775,1583.7399799999998,47.27718975302961,0,Hold
2020-03-25,1605.035,80,1589.3265999999999,1585.06318,41.42186282561544,0,Hold
2020-03-26,1624.998,80,1588.6367500000001,1586.5238399999998,44.514570566010455,0,Hold
2020-03-27,1626.148,82,1590.6724,1587.9321,45.37040641321843,0,Hold
2020-03-30,1613.925,78,1591.36575,1589.0988399999999,44.9155154982704,0,Hold
2020-03-31,1584.328,72,1588.43125,1589.6464999999998,44.144001639724095,0,Hold
2020-04-01,1585.288,74,1585.71325,1590.29356,53.39413719217042,0,Hold
2020-04-02,1613.098,71,1582.45025,1591.37962,61.3152433554189,0,Hold
2020-04-03,1617.048,72,1579.6252499999998,1592.52708,66.83041633135136,-1,Sell
2020-04-06,1659.578,74,1579.2749,1594.28954,67.85584038870468,0,Hold
2020-04-07,1648.238,73,1578.74755,1595.6631999999997,79.35637749913064,0,Hold
2020-04-08,1648.658,74,1579.33555,1597.3286600000001,78.3640389786333,0,Hold
2020-04-09,1682.148,76,1585.4442,1599.3928600000002,79.65605762764474,0,Hold
2020-04-10,1682.148,83,1593.0842,1601.6027200000003,73.38800402628934,0,Hold
2020-04-13,1720.108,77,1604.0512,1604.2183799999998,72.77898908096701,0,Hold
2020-04-14,1720.698,79,1613.4722,1607.13024,76.05222021506154,0,Hold
2020-04-15,1714.308,79,1625.7237,1610.2732999999998,71.42651504246437,0,Hold
2020-04-16,1705.148,82,1636.7972,1613.3148999999999,68.25154791608908,0,Hold
2020-04-17,1681.998,84,1645.9622,1615.6411,64.97116742248636,0,Hold
2020-04-20,1688.808,78,1651.8252,1618.0133,75.53773953852172,0,Hold
2020-04-21,1682.898,83,1655.2302,1620.29716,73.29483079566606,0,Hold
2020-04-22,1710.048,87,1660.48085,1623.15542,73.21043811347857,0,Hold
2020-04-23,1723.418,84,1665.4018499999997,1626.1496199999997,74.36661016172627,0,Hold
2020-04-24,1727.698,82,1670.47935,1629.2116800000001,68.92011998666817,0,Hold
2020-04-27,1698.178,85,1674.6919999999998,1631.50228,62.598385469223004,0,Hold
2020-04-28,1710.068,81,1680.979,1633.66754,64.64444126484474,0,Hold
2020-04-29,1712.458,84,1687.3375,1635.7274,58.48686789494319,0,Hold
2020-04-30,1688.073,82,1691.0862499999998,1636.9689600000002,51.459683181000756,0,Hold
2020-05-01,1698.818,90,1695.1747500000001,1638.08236,43.94275634459999,1,Buy
2020-05-04,1698.198,82,1697.10575,1638.93562,43.599590373783926,0,Hold
2020-05-05,1702.315,85,1699.8095999999998,1640.15262,46.543744272235266,0,Hold
2020-05-06,1691.688,80,1701.9611,1640.94122,46.15349443314058,0,Hold
2020-05-07,1715.448,83,1703.6261000000002,1642.4742800000001,59.52589791199154,0,Hold
2020-05-08,1701.408,82,1704.5891,1644.79374,53.44631408503093,0,Hold
2020-05-11,1700.375,82,1703.6024499999999,1646.80008,54.911283841125886,0,Hold
2020-05-12,1702.808,86,1702.70795,1647.9958800000002,47.637229945825986,0,Hold
2020-05-13,1713.428,86,1702.66395,1649.4714800000002,46.68018077894464,0,Hold
2020-05-14,1732.058,86,1704.00945,1650.54548,51.322735270917995,0,Hold
2020-05-15,1741.628,88,1706.9909499999999,1651.9070800000002,64.99723871324034,0,Hold
2020-05-18,1736.668,89,1709.3839500000001,1653.3087399999997,59.64257231929237,0,Hold
2020-05-19,1749.188,85,1712.6984499999999,1655.1168000000002,62.40375523436445,0,Hold
2020-05-20,1741.338,87,1714.2629499999998,1657.2056,70.24900209085719,0,Hold
2020-05-21,1727.375,86,1714.4608,1660.5536,60.59683991005098,0,Hold
2020-05-22,1733.648,85,1714.7583,1664.6396,62.625003561354944,0,Hold
2020-05-26,1708.428,81,1715.2707999999998,1668.7928,51.89258137821288,0,Hold
2020-05-27,1714.308,81,1715.4828000000002,1672.4334,57.21521894457484,0,Hold
2020-05-28,1719.908,78,1715.8553,1677.4459999999997,51.609039482798366,0,Hold
2020-05-29,1728.695,80,1717.8864,1682.3463399999998,60.23219013191943,0,Hold
2020-06-01,1739.268,70,1719.9089,1687.15774,63.610467598457454,0,Hold
2020-06-02,1725.098,66,1721.2539000000002,1690.2287399999998,57.20818026594918,0,Hold
2020-06-03,1702.938,70,1721.28505,1691.99154,46.84332795685981,0,Hold
2020-06-04,1708.448,68,1722.1230500000001,1694.0597999999998,42.28612875401869,0,Hold
2020-06-05,1684.758,71,1720.58855,1695.255,32.98894445906821,0,Hold
2020-06-08,1695.255,71,1720.2809000000002,1696.63714,38.00964717736104,0,Hold
2020-06-09,1715.055,74,1721.0149000000001,1698.6597399999998,40.517188689414496,0,Hold
2020-06-10,1731.405,75,1722.44475,1701.6012800000003,47.36487454436445,0,Hold
2020-06-11,1726.045,78,1723.0756000000001,1704.4164200000002,49.630288541724596,0,Hold
2020-06-12,1729.728,70,1722.9591,1706.7490199999997,48.89440433213001,0,Hold
2020-06-15,1728.515,72,1722.30345,1708.97836,56.55268703555096,0,Hold
2020-06-16,1726.325,74,1721.7863000000002,1710.3133000000003,54.01683346369576,0,Hold
2020-06-17,1725.858,75,1720.6198,1711.8657,52.05953617168572,0,Hold
2020-06-18,1725.778,71,1719.8418000000001,1713.4080999999999,48.92554312192897,0,Hold
2020-06-19,1743.268,73,1720.63645,1714.6305,51.40193466984439,0,Hold
2020-06-22,1751.388,72,1721.52345,1716.0153,59.62228240977968,0,Hold
2020-06-23,1767.768,75,1724.49045,1716.9685,74.77642742490252,0,Hold
2020-06-24,1763.695,75,1726.9598,1717.8284399999998,71.34852735464818,0,Hold
2020-06-25,1760.638,74,1728.9963,1718.7550400000002,84.8841485840382,0,Hold
2020-06-26,1770.898,73,1731.10645,1720.07004,84.8511375468794,0,Hold
2020-06-29,1770.598,73,1732.6729500000001,1721.84204,81.19587073003603,0,Hold
2020-06-30,1783.728,72,1735.60445,1723.74044,80.49019265060664,0,Hold
2020-07-01,1768.785,73,1738.8968,1725.4581800000003,72.40370704296224,0,Hold
2020-07-02,1775.508,75,1742.2498,1726.7673799999998,73.25605023063007,0,Hold
2020-07-06,1784.425,75,1747.23315,1727.9875200000001,76.34033732215198,0,Hold
2020-07-07,1794.245,76,1752.18265,1729.3184600000002,79.85232067510542,0,Hold
2020-07-08,1809.295,81,1756.8946499999997,1731.5408000000002,82.50547361367589,0,Hold
2020-07-09,1801.155,79,1760.3821500000001,1733.36254,77.63025739903074,0,Hold
2020-07-10,1798.088,78,1763.9843,1735.0751400000001,72.470896868339,0,Hold
2020-07-13,1797.548,75,1767.3753000000002,1737.26464,70.17482517482514,0,Hold
2020-07-14,1808.875,73,1771.3933000000002,1739.46578,68.79658335390998,0,Hold
2020-07-15,1809.718,73,1775.5629500000002,1741.69618,71.68502690426607,0,Hold
2020-07-16,1798.965,77,1779.2183,1743.6291800000001,66.83770746751244,0,Hold
2020-07-17,1809.248,81,1783.3917999999999,1745.98038,66.8444077444745,0,Hold
2020-07-20,1819.648,81,1787.2108,1748.06438,69.78843919442285,0,Hold
2020-07-21,1857.048,81,1792.4938000000002,1751.17718,74.73584065422445,0,Hold
2020-07-22,1868.385,82,1797.5246499999998,1754.5373800000002,84.43983402489614,0,Hold
2020-07-23,1889.798,82,1803.8298,1758.27718,85.87481951158254,0,Hold
2020-07-24,1901.098,94,1810.8528,1762.0305799999999,86.08301942810478,0,Hold
2020-07-27,1943.548,97,1819.4852999999998,1766.2603799999997,88.42014791331057,0,Hold
2020-07-28,1952.848,100,1828.5978,1770.48478,88.06701564016473,0,Hold
2020-07-29,1964.945,97,1837.6586499999999,1775.05032,92.5406472391044,0,Hold
2020-07-30,1969.265,90,1847.68265,1779.45186,94.1717458957592,0,Hold
2020-07-31,1975.568,87,1857.68565,1784.1364600000002,94.6107274239948,0,Hold
2020-08-03,1973.845,84,1867.1566499999997,1789.0658600000002,93.43098745800903,0,Hold
2020-08-04,2013.085,92,1878.09865,1794.6546000000003,94.53571538067348,0,Hold
2020-08-05,2042.985,94,1889.78315,1801.3457400000002,99.30374273637592,0,Hold
2020-08-06,2056.418,91,1902.5463,1808.18794,99.31249401474768,0,Hold
2020-08-07,2034.298,92,1914.3568,1814.4757400000003,90.91127409124175,0,Hold
2020-08-10,2020.235,87,1925.4911499999998,1820.30654,84.13968259281414,0,Hold
2020-08-11,1885.078,89,1929.3012999999999,1823.2227400000002,52.30045835526805,0,Hold
2020-08-12,1935.208,83,1935.5757999999998,1827.42494,55.79895590699196,0,Hold
2020-08-13,1948.648,82,1943.05995,1832.3391399999998,56.03923022993527,0,Hold
2020-08-14,1943.998,79,1949.79745,1837.0501400000003,50.06322426912746,0,Hold
2020-08-17,1990.755,86,1958.3528,1843.17008,54.81869052431402,0,Hold
2020-08-18,1993.935,81,1965.19715,1849.14368,53.77065470740032,0,Hold
2020-08-19,1949.475,81,1969.2516500000002,1853.8320800000001,47.66932984105746,0,Hold
2020-08-20,1949.745,79,1972.2490000000003,1858.1988799999997,46.91498436167187,0,Hold
2020-08-21,1939.618,76,1974.175,1862.4703399999999,45.991469267579696,0,Hold
2020-08-24,1936.068,74,1973.801,1866.59714,40.157244841362136,0,Hold
2020-08-25,1925.538,75,1972.4355,1870.5375999999999,34.20846700567678,0,Hold
2020-08-26,1942.548,74,1971.31565,1874.8620599999997,34.83528835192463,0,Hold
2020-08-27,1940.688,73,1969.8868000000002,1879.15866,36.822323077616105,0,Hold
2020-08-28,1964.428,73,1969.3298000000002,1883.93166,42.35229306503026,0,Hold
2020-08-31,1983.985,75,1969.8368000000003,1888.746,69.84004717946253,0,Hold
2020-09-01,1964.755,72,1967.4203000000002,1893.01334,56.765631225356216,0,Hold
2020-09-02,1945.625,76,1962.5523,1896.57048,49.32537681152954,0,Hold
2020-09-03,1936.428,75,1956.5528,1900.0251400000002,48.34425498035854,0,Hold
2020-09-04,1933.298,75,1951.5028000000002,1903.4783400000001,34.46864643646833,0,Hold
2020-09-08,1930.085,71,1946.9953,1906.6620799999998,32.743616354240956,0,Hold
2020-09-09,1946.605,72,1950.0716499999999,1910.1822200000001,49.08635970050428,0,Hold
2020-09-10,1940.435,72,1950.333,1913.31636,47.1435409047397,0,Hold
2020-09-11,1938.928,68,1949.8470000000002,1916.71922,49.776473332296746,0,Hold
2020-09-14,1964.578,70,1950.8760000000002,1920.50062,58.07905057695362,0,Hold
2020-09-15,1959.308,69,1949.3036500000003,1923.99828,59.86365548182077,0,Hold
2020-09-16,1939.478,69,1946.5808000000002,1926.90294,49.11783637157768,0,Hold
2020-09-17,1951.835,74,1946.6988000000001,1929.7537399999999,53.02085083549682,0,Hold
2020-09-18,1949.718,70,1946.6974500000001,1932.725,45.48435024988025,0,Hold
2020-09-21,1911.518,74,1945.2924500000001,1934.9935999999998,30.03894866158734,0,Hold
2020-09-22,1892.958,72,1943.13695,1936.9017999999999,30.150234170670842,0,Hold
2020-09-23,1855.975,74,1939.6588,1937.8438,27.44131975199285,0,Hold
2020-09-24,1869.008,75,1935.9818,1939.0296000000003,33.356374049570434,0,Hold
2020-09-25,1860.998,73,1931.9972999999998,1940.2702599999998,32.571593867515176,0,Hold
2020-09-28,1882.808,72,1927.9163,1941.7414600000002,39.54127344403295,0,Hold
2020-09-29,1889.178,73,1923.17595,1943.1320600000001,36.69852270147824,0,Hold
2020-09-30,1892.298,71,1919.5530999999999,1943.83706,38.69051814469709,0,Hold
2020-10-01,1894.425,72,1916.9931000000001,1944.3578599999998,39.57467543115763,0,Hold
2020-10-02,1898.868,70,1915.1151000000002,1944.53926,32.90849503199291,0,Hold
2020-10-05,1911.905,69,1914.04545,1944.7554,38.14907223608354,0,Hold
2020-10-06,1882.758,74,1911.6791,1943.5396000000003,36.450977956562866,0,Hold
2020-10-07,1885.198,70,1908.60875,1942.1866,33.29037046695791,0,Hold
2020-10-08,1910.768,67,1907.1254000000001,1941.1030600000001,41.26093785057213,0,Hold
2020-10-09,1929.618,75,1906.6598999999999,1940.31012,54.44717444717443,0,Hold
2020-10-13,1895.948,73,1903.2284,1938.7177199999999,50.6838662458259,0,Hold
2020-10-14,1898.148,70,1900.1704000000002,1937.20378,61.47083943055158,0,Hold
2020-10-15,1905.818,70,1898.4874,1935.0584399999998,60.31300430338893,0,Hold
2020-10-16,1898.968,74,1895.8440500000002,1932.1781,60.70759824933452,-1,Sell
2020-10-19,1900.908,71,1893.4035499999998,1929.0679,55.748440616385274,0,Hold
2020-10-20,1917.608,72,1893.70805,1926.7341000000001,58.47321236975751,0,Hold
2020-10-21,1913.638,74,1894.74205,1924.60216,56.328062912925375,0,Hold
2020-10-22,1906.328,74,1897.2597,1925.02716,53.42439742918464,0,Hold
2020-10-23,1901.258,74,1898.8722000000002,1924.34816,50.685112140531146,0,Hold
2020-10-26,1907.518,68,1901.1982,1923.52556,48.69159603213897,0,Hold
2020-10-27,1906.625,71,1902.3890499999998,1922.7781,58.56104682444601,0,Hold
2020-10-28,1881.685,72,1902.0144,1920.5967,48.9150241208699,0,Hold
2020-10-29,1876.068,74,1901.2029000000002,1918.2393600000003,37.776525292376995,0,Hold
2020-10-30,1878.438,70,1900.4035499999998,1916.81862,29.603060736489724,0,Hold
2020-11-02,1891.615,70,1900.0409,1915.6560200000001,47.936017986605265,0,Hold
2020-11-03,1898.755,65,1899.3834,1914.83876,50.27614255688909,0,Hold
2020-11-04,1906.158,46,1900.5534,1914.2405600000002,50.15505290040128,0,Hold
2020-11-05,1936.778,56,1903.1324,1914.46536,64.17060190390525,0,Hold
2020-11-06,1950.298,59,1905.1089,1914.6203600000001,67.03220911787022,0,Hold
2020-11-09,1883.518,75,1902.8039,1913.47696,41.26211103706363,0,Hold
2020-11-10,1879.908,71,1902.0019,1911.7865599999998,41.33840069847464,0,Hold
2020-11-12,1877.178,73,1900.9533999999999,1909.65042,42.33419239467735,0,Hold
2020-11-13,1888.288,78,1900.0769,1908.12108,46.694193811490024,0,Hold
2020-11-16,1888.398,79,1899.5483999999997,1906.9765399999999,44.96895063677504,0,Hold
2020-11-17,1879.358,76,1898.4708999999998,1905.83514,43.12019660185599,0,Hold
2020-11-18,1866.778,77,1895.9294000000002,1904.5047399999999,45.988579547595094,0,Hold
2020-11-19,1867.525,78,1893.62375,1903.2535400000002,47.6392335453777,0,Hold
2020-11-20,1870.318,75,1891.8232500000001,1901.7278,47.761358623731766,0,Hold
2020-11-23,1824.355,81,1887.9780999999998,1899.4062,34.295760836065085,0,Hold
2020-11-24,1804.528,81,1882.8286,1896.7182,29.229873960138008,0,Hold
2020-11-25,1810.578,84,1878.0262500000001,1893.6382,28.805215540180924,0,Hold
2020-11-27,1786.648,89,1873.2743999999998,1890.185,15.6908451026097,0,Hold
2020-11-30,1784.138,82,1868.6779,1887.0782000000002,10.015400904803045,0,Hold
2020-12-01,1809.388,82,1865.2254,1884.22926,27.705263157894635,0,Hold
2020-12-02,1835.885,85,1862.4388999999999,1881.9525999999998,38.36213961308469,0,Hold
2020-12-03,1840.638,85,1859.53305,1880.535,40.442561205273,0,Hold
2020-12-04,1838.208,84,1856.1355499999997,1879.44,36.277948268303355,0,Hold
2020-12-07,1870.018,83,1852.79755,1879.72086,45.70921654682978,0,Hold
2020-12-08,1860.385,78,1848.3018999999997,1879.5484,45.58301089988034,0,Hold
2020-12-09,1840.058,81,1846.1289000000002,1879.1296,43.99604529929893,0,Hold
2020-12-10,1837.408,77,1844.0038999999997,1878.2216,43.29012623483328,0,Hold
2020-12-11,1838.998,78,1842.0948999999996,1877.2179999999998,42.98449959681034,0,Hold
2020-12-14,1835.695,79,1839.4652499999997,1876.0859400000002,53.140230394328725,0,Hold
2020-12-15,1856.815,77,1837.8861000000002,1875.33374,64.37617196306905,0,Hold
2020-12-16,1868.265,80,1837.3314500000001,1874.72168,65.40349153284595,0,Hold
2020-12-17,1884.695,79,1838.2272999999998,1874.1774799999998,77.27270198550231,0,Hold
2020-12-18,1880.838,83,1838.8929500000002,1874.13908,76.69795692987299,0,Hold
2020-12-21,1880.605,71,1839.4072999999996,1874.0472199999997,72.81382341446539,0,Hold
2020-12-22,1866.758,78,1841.52745,1873.1670199999999,60.762167701993285,0,Hold
2020-12-23,1875.198,79,1845.0609500000003,1872.07862,61.7455138662317,0,Hold
2020-12-24,1879.125,78,1848.4883000000002,1871.7421600000002,63.76592179898661,0,Hold
2020-12-28,1877.115,83,1853.01165,1871.3215,52.98652549719314,0,Hold
2020-12-29,1885.368,80,1858.0731500000002,1870.9125,60.63676694738452,0,Hold
2020-12-30,1888.725,78,1862.0400000000002,1870.7076399999999,74.2203907750803,0,Hold
2020-12-31,1897.765,78,1865.134,1870.64478,78.24194952132292,0,Hold
2021-01-04,1939.555,83,1870.07985,1871.0837199999996,84.18980395356903,0,Hold
2021-01-05,1944.518,85,1875.39535,1871.7013200000001,86.58727650503984,0,Hold
2021-01-06,1917.668,80,1877.77785,1871.9281199999998,69.70028553484363,0,Hold
2021-01-07,1909.208,79,1880.2190000000003,1872.08712,63.51637758571742,0,Hold
2021-01-08,1848.508,89,1880.6415000000002,1870.90692,40.755746524495876,1,Buy
2021-01-11,1850.655,82,1881.3038500000002,1869.7875199999999,42.22155790471968,0,Hold
2021-01-12,1859.598,80,1882.3338500000002,1869.34578,44.81889437519421,0,Hold
2021-01-13,1840.145,85,1882.55635,1868.6273199999998,43.61286978059162,0,Hold
2021-01-14,1853.178,81,1882.3745000000004,1868.12212,44.82918948367039,0,Hold
2021-01-15,1827.478,84,1880.33515,1866.83938,38.997183626687814,0,Hold
2021-01-19,1849.418,87,1878.5713,1865.85264,44.56130291522173,0,Hold
2021-01-20,1870.858,86,1878.0722999999998,1865.14664,47.29105057203453,0,Hold
2021-01-21,1863.855,86,1877.2348000000002,1863.68818,45.41924836625386,0,Hold
2021-01-22,1855.198,88,1876.6568,1861.7861799999998,42.14859874796645,0,Hold
2021-01-25,1856.325,81,1875.71315,1861.2423199999998,31.93918825081589,0,Hold
2021-01-26,1847.325,85,1874.12315,1860.5906600000003,29.272391481448295,0,Hold
2021-01-27,1837.055,85,1872.12015,1859.7882,31.50000229491492,0,Hold
2021-01-28,1842.708,88,1869.9871499999997,1858.8766,34.53962969507033,0,Hold
2021-01-29,1847.048,88,1867.9033,1858.0496000000003,49.540029992564854,0,Hold
2021-02-01,1853.985,97,1865.7143,1857.5421399999998,51.01837353819051,0,Hold
2021-02-02,1840.458,84,1860.75945,1857.0157400000003,44.30628272251311,0,Hold
2021-02-03,1822.215,88,1854.6443000000004,1856.10954,44.62755438365191,0,Hold
2021-02-04,1795.158,90,1848.5187999999998,1854.6063399999998,33.962983846893664,0,Hold
2021-02-05,1814.048,87,1843.7608,1854.4001999999998,46.14266675857629,0,Hold
2021-02-08,1841.095,83,1843.39015,1855.1315399999999,47.67761773749802,0,Hold
2021-02-09,1843.815,84,1843.0481499999999,1855.79628,41.573866929227115,0,Hold
2021-02-10,1835.622,83,1841.84935,1856.77576,41.26783825412438,0,Hold
2021-02-11,1822.382,84,1840.9612000000002,1857.54064,40.13017011140251,0,Hold
2021-02-12,1823.648,83,1839.4847000000002,1857.82584,40.18018667772544,0,Hold
2021-02-16,1792.855,81,1837.7535500000001,1856.96524,35.52684720687013,0,Hold
2021-02-17,1782.605,84,1834.4129,1855.8045800000002,35.53062352515994,0,Hold
2021-02-18,1767.745,82,1829.25725,1854.39532,31.00885170979356,0,Hold
2021-02-19,1783.398,85,1825.2344,1852.6629200000002,34.749084705476406,0,Hold
2021-02-22,1812.565,88,1823.10275,1851.70652,41.03098230448759,0,Hold
2021-02-23,1809.105,81,1820.74175,1851.0874600000002,42.90138970018882,0,Hold
2021-02-24,1797.875,84,1818.26925,1850.2967999999998,44.30845640848169,0,Hold
2021-02-25,1767.815,82,1814.8072500000003,1848.8731400000001,43.69480097219472,0,Hold
2021-02-26,1733.188,85,1809.33125,1846.8229999999999,32.61568758975949,0,Hold
2021-03-01,1713.306,87,1802.64415,1843.9528199999997,21.652965159870632,0,Hold
2021-03-02,1735.135,82,1796.7016500000002,1841.2902199999999,27.775960083432153,0,Hold
2021-03-03,1714.935,88,1790.4255,1837.8950200000002,26.475828112756645,0,Hold
2021-03-04,1691.995,86,1783.9144999999996,1834.11816,25.511143165162224,0,Hold
2021-03-05,1699.398,87,1779.1264999999999,1830.49402,27.189613517701247,0,Hold
2021-03-08,1687.475,85,1772.7978499999997,1826.9083600000001,29.213678180871383,0,Hold
2021-03-09,1712.974,84,1766.3917999999999,1823.66388,37.04457584293704,0,Hold
2021-03-10,1732.118,81,1760.8069500000001,1820.72374,43.47531472399156,0,Hold
2021-03-11,1718.758,83,1754.9637500000001,1817.5566000000001,38.061642115217005,0,Hold
2021-03-12,1726.958,82,1750.1925500000002,1814.3884,32.861941807436835,0,Hold
2021-03-15,1733.479,77,1745.6841,1811.28348,35.04339089780001,0,Hold
2021-03-16,1735.778,87,1742.8302499999998,1808.04374,37.26930914726902,0,Hold
2021-03-17,1748.878,93,1741.1439000000003,1804.2302000000002,45.827512812490326,0,Hold
2021-03-18,1731.604,87,1739.3368500000001,1799.9719199999997,49.62209052649659,0,Hold
2021-03-19,1744.858,89,1737.40985,1796.51572,57.773496398056615,0,Hold
2021-03-22,1735.585,84,1733.5608500000003,1793.04326,50.118178475760295,0,Hold
2021-03-23,1731.608,80,1729.6860000000001,1790.7052600000002,54.78649801627175,0,Hold
2021-03-24,1735.248,84,1726.55465,1788.39712,63.96456314127614,0,Hold
2021-03-25,1724.815,81,1724.40465,1785.7014599999998,58.04860130338138,0,Hold
2021-03-26,1731.808,81,1724.3356499999998,1783.53472,64.49103401387234,0,Hold
2021-03-29,1707.305,78,1724.0356,1780.61726,48.13484151581555,0,Hold
2021-03-30,1679.385,79,1721.2481,1777.6554,33.59751659439988,0,Hold
2021-03-31,1712.728,82,1721.1377499999999,1774.9216000000001,48.331765617219055,0,Hold
2021-04-01,1728.805,80,1722.9782500000001,1772.08054,50.48964248410716,0,Hold
2021-04-02,1728.805,81,1724.4486000000002,1769.3795400000004,48.716540535790784,0,Hold
2021-04-05,1733.348,79,1726.74225,1766.9425400000002,49.34085607334669,0,Hold
2021-04-06,1738.145,77,1728.0007999999998,1764.57894,46.95131996795947,0,Hold
2021-04-07,1738.538,79,1728.3218000000002,1762.4031999999997,52.178502758473336,0,Hold
2021-04-08,1753.058,80,1730.0368000000003,1760.72326,52.555918509837184,0,Hold
2021-04-09,1743.028,81,1730.8403000000003,1758.7296600000002,52.30906688010721,0,Hold
2021-04-12,1731.665,84,1730.7496000000003,1756.4219999999998,50.01690842751624,0,Hold
2021-04-13,1743.818,79,1731.1516,1754.21866,52.41997424718186,0,Hold
2021-04-14,1738.338,81,1730.6245999999999,1752.17626,53.92847805246489,0,Hold
2021-04-15,1763.105,83,1732.19965,1750.99406,58.24086703284551,0,Hold
2021-04-16,1775.748,81,1733.74415,1750.6058600000001,69.22243005353059,0,Hold
2021-04-19,1773.168,81,1735.6233,1749.78826,80.710463753119,0,Hold
2021-04-20,1781.948,77,1738.1403000000003,1748.6053200000001,77.01247209777867,0,Hold
2021-04-21,1793.298,78,1741.0428,1747.5949799999999,76.13189734114529,0,Hold
2021-04-22,1785.938,85,1744.09895,1746.6013,71.84667976965254,0,Hold
2021-04-23,1776.818,78,1746.3494500000002,1745.69002,66.0600283738251,0,Hold
2021-04-26,1779.728,82,1749.9706,1744.8116200000002,65.58010925522107,0,Hold
2021-04-27,1771.758,86,1754.5892500000002,1744.3896800000002,61.77797001971264,0,Hold
2021-04-28,1784.468,81,1758.17625,1744.4269399999998,61.28103091598665,0,Hold
2021-04-29,1766.208,82,1760.0464,1744.3962,57.86050486279722,0,Hold
2021-04-30,1768.428,77,1762.02755,1744.0968,63.29074568158319,0,Hold
2021-05-03,1789.635,84,1764.8419,1743.6381999999999,65.54625840645502,0,Hold
2021-05-04,1782.615,81,1767.0654000000002,1743.1084,64.86833179983476,0,Hold
2021-05-05,1789.668,82,1769.6219,1742.94426,60.12440636362936,0,Hold
2021-05-06,1820.428,84,1772.9904,1743.99652,64.96316141995979,0,Hold
2021-05-07,1830.618,82,1777.3699000000001,1745.94512,68.30667261487477,0,Hold
2021-05-10,1834.668,78,1782.5200499999999,1748.37236,67.32159285057165,0,Hold
2021-05-11,1826.968,85,1786.6775499999999,1750.20902,61.33441055678992,0,Hold
2021-05-12,1817.226,85,1790.6219500000002,1752.25484,60.36630619168788,0,Hold
2021-05-13,1822.378,85,1793.5855999999999,1754.8625,65.50250435540073,0,Hold
2021-05-14,1842.688,86,1796.9326,1757.7283000000002,69.15494328968511,0,Hold
2021-05-17,1868.078,86,1801.6781000000003,1761.34036,76.4958957769416,0,Hold
2021-05-18,1868.595,82,1806.0104499999998,1764.4527799999998,74.80583354465098,0,Hold
2021-05-19,1875.678,85,1810.12945,1767.3239800000001,84.55623319065127,0,Hold
2021-05-20,1874.368,83,1814.55095,1770.4361800000001,83.63516293718729,0,Hold
2021-05-21,1880.898,86,1819.75495,1773.5149800000002,81.9532655962243,0,Hold
2021-05-24,1879.148,82,1824.72595,1776.42836,85.09346575830506,0,Hold
2021-05-25,1905.248,81,1831.4004499999999,1779.81776,86.90670822050788,0,Hold
2021-05-26,1896.458,82,1836.99995,1782.7693599999998,78.24000475433465,0,Hold
2021-05-27,1893.625,80,1843.3708,1786.00978,74.75580911069727,0,Hold
2021-05-28,1902.648,82,1850.0818,1789.1655799999999,75.70521061786282,0,Hold
2021-06-01,1897.865,82,1855.4933,1792.41118,77.41294378755418,0,Hold
2021-06-02,1904.928,45,1861.6089499999998,1795.87758,84.62814094161119,0,Hold
2021-06-03,1869.998,44,1865.62545,1798.57258,65.22261719049689,0,Hold
2021-06-04,1890.708,47,1869.1394500000001,1801.89044,65.3113282146774,0,Hold
2021-06-07,1895.868,46,1872.40195,1805.1716399999998,60.17337570104402,0,Hold
2021-06-08,1894.358,46,1875.38645,1808.9127,59.36325640559691,0,Hold
2021-06-09,1887.178,45,1878.3969499999998,1813.06856,54.1765936428613,0,Hold
2021-06-10,1899.0,44,1882.4856499999999,1816.7939999999999,58.311288668142346,0,Hold
2021-06-11,1877.048,45,1885.2191500000001,1819.75886,48.8233927851057,0,Hold
2021-06-14,1863.508,46,1886.26015,1822.45292,45.541517480444284,0,Hold
2021-06-15,1857.775,46,1885.7449999999997,1824.9414599999998,34.688993672151625,0,Hold
2021-06-16,1822.238,47,1883.4271500000002,1826.6233200000001,29.584763665170257,0,Hold
2021-06-17,1785.718,47,1878.9291500000004,1827.5669200000002,24.95927375001736,0,Hold
2021-06-21,1788.838,45,1874.65265,1828.28252,22.845485779728904,0,Hold
2021-06-22,1781.498,46,1869.68265,1829.0519199999999,22.570091034664785,0,Hold
2021-06-23,1775.798,47,1864.51515,1829.93458,19.364757015287864,0,Hold
2021-06-24,1777.638,44,1858.13465,1830.61098,24.007114553313983,0,Hold
2021-06-25,1780.938,43,1852.3586500000001,1831.46298,15.751244898723172,0,Hold
2021-06-28,1775.038,44,1846.4293000000002,1831.7016400000002,12.473756785967126,0,Hold
2021-06-29,1761.008,42,1839.3473000000001,1831.40684,11.573705868114345,0,Hold
2021-06-30,1775.885,46,1833.2483,1831.4611800000002,19.29187521728805,0,Hold
2021-07-01,1778.738,46,1826.9388000000004,1831.39698,15.089234913667994,0,Hold
2021-07-02,1786.978,46,1822.7878,1831.27058,21.592127672995673,0,Hold
2021-07-06,1800.918,45,1818.2983,1831.5701799999997,30.30894104322651,0,Hold
2021-07-07,1797.368,44,1813.3733,1831.9811799999998,30.731050674016018,0,Hold
2021-07-08,1805.118,45,1808.9113000000002,1832.4889799999999,43.36228287841185,0,Hold
2021-07-09,1807.838,47,1804.9442999999999,1833.21058,61.62253047498945,-1,Sell
2021-07-12,1809.308,60,1800.4597,1833.70738,60.94535343813497,0,Hold
2021-07-13,1812.498,53,1797.2322,1834.63318,67.34556848701877,0,Hold
2021-07-14,1825.478,57,1795.3306999999998,1835.7741800000001,75.70364238410596,0,Hold
2021-07-15,1827.318,56,1793.8078500000004,1836.5278400000002,75.70364238410596,0,Hold
2021-07-16,1811.548,58,1793.27335,1837.1064999999999,64.02712858583078,0,Hold
2021-07-19,1817.208,65,1794.8478499999997,1837.6572999999999,69.36713511527515,0,Hold
2021-07-20,1808.525,54,1795.8322,1837.41924,72.94997246988596,0,Hold
2021-07-21,1798.438,57,1796.6792,1836.7756399999998,61.42120668874648,0,Hold
2021-07-22,1803.008,49,1798.0397,1836.14244,62.080637132901956,0,Hold
2021-07-23,1801.698,48,1799.2427,1835.63704,57.86997433704023,0,Hold
2021-07-26,1799.198,76,1800.1557,1835.2764800000002,48.95224171539973,0,Hold
2021-07-27,1806.158,72,1801.7116999999998,1834.95208,55.140952158147144,0,Hold
2021-07-28,1814.908,68,1804.4067,1834.3964799999999,55.65961382818823,0,Hold
2021-07-29,1828.465,78,1807.0357,1833.60422,60.59675115846579,0,Hold
2021-07-30,1813.398,87,1808.7686999999999,1832.50028,51.84360463019721,0,Hold
2021-08-02,1810.725,100,1809.95605,1831.20122,49.197061780502985,0,Hold
2021-08-03,1813.017,64,1810.5609999999997,1829.9741999999999,43.75194295971679,0,Hold
2021-08-04,1810.948,63,1811.2400000000002,1828.5752,41.81074158562457,0,Hold
2021-08-05,1800.978,62,1811.033,1827.0118,44.38649785444197,0,Hold
2021-08-06,1762.568,68,1808.7695000000003,1824.1582,28.470897886491457,0,Hold
2021-08-09,1737.225,61,1805.16535,1820.9735400000002,25.16683152454054,0,Hold
2021-08-10,1733.738,50,1801.22735,1817.7758000000001,26.379620029498057,0,Hold
2021-08-11,1750.528,47,1797.4798500000002,1814.7334,32.41027497352154,0,Hold
2021-08-12,1755.078,44,1793.8678499999999,1811.87766,34.70653072471751,0,Hold
2021-08-13,1779.218,46,1792.25135,1809.3634599999998,44.26053384504016,0,Hold
2021-08-16,1785.828,50,1790.6823500000003,1807.6800600000001,44.148225758168905,0,Hold
2021-08-17,1790.178,45,1789.765,1805.6694600000003,42.69674203227262,0,Hold
2021-08-18,1779.898,48,1788.8380000000002,1803.3500600000002,35.374116881787174,0,Hold
2021-08-19,1785.148,45,1787.9450000000002,1801.16586,40.957916704008625,0,Hold
2021-08-20,1780.458,46,1786.8830000000003,1799.0314600000002,40.43581851849518,0,Hold
2021-08-23,1801.168,45,1786.9814999999999,1797.0748199999998,46.64617405136736,0,Hold
2021-08-24,1794.768,42,1786.4120000000003,1795.4292200000002,45.529892805834876,0,Hold
2021-08-25,1787.758,45,1785.0544999999997,1793.91422,46.28693405235365,0,Hold
2021-08-26,1798.058,43,1783.5341500000002,1792.71988,61.83710226135685,0,Hold
2021-08-27,1816.158,45,1783.6721499999999,1792.5982799999997,77.66336994539742,0,Hold
2021-08-30,1815.768,44,1783.9243000000001,1793.19928,79.38668768359973,0,Hold
2021-08-31,1815.178,43,1784.0323500000002,1793.7260800000001,76.20166977385117,0,Hold
2021-09-01,1811.078,44,1784.0388500000001,1794.31768,72.77904328018231,0,Hold
2021-09-02,1812.448,42,1784.61235,1795.05068,66.59011482775844,0,Hold
2021-09-03,1827.288,42,1787.8483499999998,1796.0436800000002,69.12714522974727,0,Hold
2021-09-07,1797.988,42,1790.8864999999998,1796.38468,52.9288232205805,0,Hold
2021-09-08,1788.188,45,1793.609,1796.6476799999998,53.1200602182914,0,Hold
2021-09-09,1798.058,43,1795.9855,1797.3886799999998,54.695569942532984,0,Hold
2021-09-10,1787.048,44,1797.584,1797.6119399999998,52.29153626816884,0,Hold
2021-09-13,1790.985,46,1798.17235,1797.85688,45.99148145523826,0,Hold
2021-09-14,1803.404,46,1799.05115,1798.1854,53.24573799573047,0,Hold
2021-09-15,1791.278,46,1799.10615,1797.9926,51.27395911749377,0,Hold
2021-09-16,1757.914,46,1798.0069499999997,1797.20352,37.54962286621673,0,Hold
2021-09-17,1753.488,49,1796.4239499999999,1796.17092,28.761979639695824,0,Hold
2021-09-20,1761.824,47,1795.49225,1795.2506400000002,32.653323729162366,0,Hold
2021-09-21,1777.514,45,1794.30955,1794.61476,38.96053649729164,0,Hold
2021-09-22,1764.088,48,1792.7755499999998,1793.6465600000001,36.9409829140589,0,Hold
2021-09-23,1752.178,47,1790.9965500000003,1792.18056,34.17728165331255,0,Hold
2021-09-24,1749.878,47,1788.5875499999997,1790.63176,28.24510718661817,0,Hold
2021-09-27,1749.714,46,1785.2653500000001,1789.39508,33.776499213593326,0,Hold
2021-09-28,1740.455,48,1781.4996999999998,1787.86002,33.89976861377379,0,Hold
2021-09-29,1732.858,49,1777.3836999999999,1786.34668,27.665725795401542,0,Hold
2021-09-30,1753.918,45,1774.5256999999997,1785.4562799999999,39.38236312125829,0,Hold
2021-10-01,1760.098,49,1771.9081999999999,1784.59808,40.24150590495208,0,Hold
2021-10-04,1759.848,46,1768.5362,1783.76108,35.09254695799788,0,Hold
2021-10-05,1755.468,46,1766.4102000000003,1782.88648,37.05743736536987,0,Hold
2021-10-06,1760.025,48,1765.0020499999998,1781.96382,50.963618934587174,0,Hold
2021-10-07,1759.188,47,1763.0585500000002,1780.84942,52.69004964793389,0,Hold
2021-10-08,1756.608,48,1761.53655,1779.41228,47.39694580297429,0,Hold
2021-10-12,1761.948,48,1760.0847,1778.38328,41.33682101513815,0,Hold
2021-10-13,1788.538,47,1759.3413999999998,1777.93954,61.868471127334864,0,Hold
2021-10-14,1794.988,47,1759.5269,1777.57896,71.94394324612472,0,Hold
2021-10-15,1766.658,48,1759.9641,1776.6931599999998,56.78945409228475,0,Hold
2021-10-18,1774.664,46,1761.0229,1776.16688,59.492755828818396,0,Hold
2021-10-19,1773.978,46,1761.6305999999997,1776.39508,63.64465211692976,0,Hold
2021-10-20,1786.286,49,1762.0692,1777.3762999999997,70.94328676482117,0,Hold
2021-10-21,1787.008,52,1763.2151999999999,1778.4416999999999,65.4314654529175,0,Hold
2021-10-22,1791.628,48,1765.1877,1779.2637000000002,64.92106458696142,0,Hold
2021-10-25,1803.134,56,1767.8505,1780.22482,68.51221431504035,0,Hold
2021-10-26,1789.048,56,1769.8172000000002,1780.4214200000001,63.26035792699293,0,Hold
2021-10-27,1798.678,54,1772.72835,1780.67842,64.67564222308278,0,Hold
2021-10-28,1796.848,52,1775.92785,1780.81182,64.19161315606993,0,Hold
2021-10-29,1782.988,51,1777.38135,1780.8736199999998,59.16201272540358,0,Hold
2021-11-01,1791.068,50,1778.92985,1780.99202,59.92474642818187,0,Hold
2021-11-02,1783.118,49,1780.0933499999999,1781.04522,47.88387056471762,0,Hold
2021-11-03,1775.004,43,1781.07015,1780.52194,42.29773063640844,0,Hold
2021-11-04,1792.764,46,1782.7071,1780.4818599999999,60.9543631145202,0,Hold
2021-11-05,1817.588,46,1785.6271000000002,1781.0784600000002,65.78366770606576,0,Hold
2021-11-08,1823.518,53,1788.9725999999998,1781.5876600000001,67.54000849737993,0,Hold
2021-11-09,1826.373,48,1792.1938499999997,1781.79196,65.21131998148243,0,Hold
2021-11-10,1849.138,48,1795.2238499999999,1782.4593599999998,70.19699629412906,0,Hold
2021-11-12,1864.448,50,1798.6968499999998,1783.4447599999999,72.1337386018237,0,Hold
2021-11-15,1865.564,50,1803.6421500000001,1784.53448,70.25501265329956,0,Hold
2021-11-16,1854.054,49,1807.61165,1785.3666,71.4493117056238,0,Hold
2021-11-17,1865.944,49,1812.20995,1786.13972,71.8688635447416,0,Hold
2021-11-18,1862.518,46,1816.0215500000002,1787.4303200000002,71.13070339146668,0,Hold
2021-11-19,1845.175,46,1818.9298999999999,1788.57006,69.57129279361499,0,Hold
2021-11-22,1807.719,51,1819.73445,1788.7632800000001,54.42259985444811,0,Hold
2021-11-23,1793.558,50,1819.2556499999998,1788.89348,52.684356680037034,0,Hold
2021-11-24,1791.778,50,1819.3921499999997,1788.9093400000002,54.45818228208756,0,Hold
2021-11-26,1792.665,56,1819.0914999999998,1788.6945599999997,49.97109539686898,0,Hold
2021-11-29,1788.508,53,1818.6744999999999,1788.63916,40.34438792450826,0,Hold
2021-11-30,1779.348,52,1818.4924999999998,1789.06784,35.64193581942057,0,Hold
2021-12-01,1776.575,51,1817.7678500000002,1789.5295800000001,33.80384300154809,0,Hold
2021-12-02,1772.198,50,1817.22185,1789.7370599999997,21.576551948339826,0,Hold
2021-12-03,1782.788,51,1817.61105,1789.8425399999999,18.742823021450405,0,Hold
2021-12-06,1777.685,52,1816.8571,1790.1144799999997,17.35865035323468,0,Hold
2021-12-07,1789.238,50,1815.4396000000002,1790.85568,25.93274714828891,0,Hold
2021-12-08,1785.775,55,1813.5524500000004,1791.57362,18.24461890690729,0,Hold
2021-12-09,1777.955,47,1811.13155,1792.1384400000002,17.63089195624046,0,Hold
2021-12-10,1782.288,49,1807.7890499999999,1792.9751,23.26528530009442,0,Hold
2021-12-13,1785.775,49,1803.8554,1794.03344,36.88250203242318,0,Hold
2021-12-14,1770.608,48,1799.1076,1794.3672400000003,36.44418192557593,0,Hold
2021-12-15,1781.755,49,1795.4926499999997,1794.80038,44.66958103321747,0,Hold
2021-12-16,1802.575,48,1792.3242000000002,1795.65492,54.34839842035982,0,Hold
2021-12-17,1797.708,49,1789.0837,1796.49972,54.0118611547183,0,Hold
2021-12-20,1792.008,48,1786.4253500000002,1797.1393800000003,55.692446043165475,0,Hold
2021-12-21,1788.635,48,1785.47115,1797.72832,55.3935599284436,0,Hold
2021-12-22,1806.325,46,1786.1095,1798.7226600000001,63.63847082237647,0,Hold
2021-12-23,1808.355,48,1786.9383500000004,1799.6508000000001,60.96797165238125,0,Hold
2021-12-27,1809.908,49,1787.8005,1800.0782000000002,64.25758608178535,0,Hold
2021-12-28,1805.705,47,1788.66035,1800.2925400000001,57.79296375871948,0,Hold
2021-12-29,1800.598,46,1789.72285,1800.9713400000003,56.90746246400169,0,Hold
2021-12-30,1817.388,46,1791.7634999999998,1801.82582,66.95795023523438,0,Hold
2022-01-03,1803.318,76,1793.3195,1802.4126199999998,58.344973175454726,0,Hold
2022-01-04,1814.888,84,1794.9244999999999,1802.98466,60.85601139558639,0,Hold
2022-01-05,1805.278,76,1796.3041500000004,1803.3500600000002,63.48712362872487,0,Hold
2022-01-06,1792.478,62,1796.4661499999997,1803.3670599999998,54.118433282379414,0,Hold
2022-01-07,1795.808,79,1796.9678,1803.22054,46.99759523661626,0,Hold
2022-01-10,1806.628,71,1798.40145,1803.5721399999998,53.759081637813274,0,Hold
2022-01-11,1818.068,75,1800.19045,1803.9599399999997,60.47545543710709,0,Hold
2022-01-12,1825.838,72,1802.1936,1804.53974,64.44406482222038,0,Hold
2022-01-13,1825.874,80,1804.9569,1805.39746,58.79563390294167,0,Hold
2022-01-14,1817.418,62,1806.7400500000003,1805.92446,53.854791374250304,0,Hold
2022-01-18,1811.648,66,1807.1936999999998,1806.49506,50.71444995565484,0,Hold
2022-01-19,1839.728,68,1809.2947,1807.78954,61.6797918282996,0,Hold
2022-01-20,1841.328,71,1811.7607,1808.76082,64.32722207370097,0,Hold
2022-01-21,1834.328,72,1814.0453499999999,1809.09562,56.39960106382981,0,Hold
2022-01-24,1841.868,93,1815.8224999999998,1809.4626199999998,65.3192605426714,0,Hold
2022-01-25,1847.298,70,1817.7696499999997,1809.8811200000002,63.540047793319,0,Hold
2022-01-26,1815.688,68,1818.0586500000002,1809.21212,53.673720020891885,0,Hold
2022-01-27,1798.448,67,1817.6958,1807.89212,52.042813539371224,0,Hold
2022-01-28,1791.028,76,1817.2172999999998,1806.4013999999997,48.40891539956862,1,Buy
2022-01-31,1799.318,73,1816.3138,1805.3066799999997,47.52508768841161,0,Hold
2022-02-01,1797.425,73,1816.01915,1803.9363,42.527961776522964,0,Hold
2022-02-02,1806.438,74,1815.5966500000002,1802.8147,43.04050854510762,0,Hold
2022-02-03,1806.455,77,1815.6555,1802.0403000000003,43.032742772264406,0,Hold
2022-02-04,1807.558,78,1816.4095000000002,1802.0370799999998,46.2653212732755,0,Hold
2022-02-07,1821.298,83,1817.684,1802.5918800000002,53.44701948905529,0,Hold
2022-02-08,1827.158,86,1818.7105,1803.2994800000001,44.66269234688671,0,Hold
2022-02-09,1833.988,92,1819.5065000000002,1804.1259400000001,47.01592051127775,0,Hold
2022-02-10,1824.088,82,1819.4189999999999,1804.8375400000002,45.932828114325666,0,Hold
2022-02-11,1857.898,99,1821.0202000000002,1806.4085400000001,55.26762007413443,0,Hold
2022-02-14,1877.278,83,1824.0132,1808.4225999999999,59.02435794011053,0,Hold
2022-02-15,1852.768,87,1826.0692000000004,1810.0340000000003,61.65993736085426,0,Hold
2022-02-16,1873.805,84,1827.7730500000002,1811.85434,73.14361528964449,0,Hold
2022-02-17,1890.318,92,1830.22255,1814.1070000000002,78.88083492344204,0,Hold
2022-02-18,1897.768,88,1833.3945499999998,1816.2776,78.77712561968008,0,Hold
2022-02-22,1896.868,86,1836.1445500000002,1818.49946,79.23710624886066,0,Hold
2022-02-23,1935.533,81,1840.5562999999997,1821.6510199999998,82.31980572315543,0,Hold
2022-02-24,1912.048,90,1845.3743,1824.24622,73.656147645654,0,Hold
2022-02-25,1888.528,83,1849.8782999999999,1826.30128,66.48412052117263,0,Hold
2022-02-28,1905.398,88,1855.5968,1828.9970799999999,66.90588187995013,0,Hold
2022-03-01,1936.213,83,1862.4415500000002,1832.08624,69.92345214388804,0,Hold
2022-03-02,1924.461,83,1868.79335,1834.5239599999998,66.23667029184477,0,Hold
2022-03-03,1938.956,80,1875.4192499999997,1837.34892,70.28022400971746,0,Hold
2022-03-04,1969.848,83,1883.5889,1840.9057199999997,69.9708153158939,0,Hold
2022-03-07,1991.088,94,1892.7653999999998,1844.95478,70.16877906317342,0,Hold
2022-03-08,2051.518,94,1904.2764,1849.85864,81.24371195734193,0,Hold
2022-03-09,1977.648,92,1911.8009000000002,1853.2444999999998,63.99889996414097,0,Hold
2022-03-10,1987.888,88,1919.4959,1856.8041,63.37953617973584,0,Hold
2022-03-11,1988.248,86,1927.7039,1860.4549599999998,62.653342059776136,0,Hold
2022-03-14,1942.088,84,1931.9134,1863.28476,55.61329116123875,0,Hold
2022-03-15,1917.938,85,1933.9464,1865.29576,47.73423234323776,0,Hold
2022-03-16,1936.228,85,1938.1194,1867.95396,53.15596579340301,0,Hold
2022-03-17,1935.008,84,1941.1795499999996,1870.35636,56.44152734045856,0,Hold
2022-03-18,1921.198,81,1942.72355,1872.6747599999999,52.20840648097418,0,Hold
2022-03-21,1936.558,80,1944.6630499999999,1875.55636,50.05039895520774,0,Hold
2022-03-22,1921.718,80,1945.90555,1878.07456,49.602874706463176,0,Hold
2022-03-23,1938.733,81,1946.06555,1880.71666,49.96794844154687,0,Hold
2022-03-24,1960.741,82,1948.5002,1883.57012,48.65675692418428,0,Hold
2022-03-25,1957.688,80,1951.9582000000003,1886.20712,44.79436170146445,0,Hold
2022-03-28,1925.063,78,1952.9414499999998,1888.1909,28.420722113576403,0,Hold
2022-03-29,1923.513,77,1952.30645,1890.3128,37.73455802719763,0,Hold
2022-03-30,1924.978,81,1952.3323,1892.5794,35.15615414381851,0,Hold
2022-03-31,1938.053,82,1952.28715,1894.5459,38.82673481108178,0,Hold
2022-04-01,1924.778,79,1950.0336499999999,1896.2149,45.48598072349481,0,Hold
2022-04-04,1928.488,77,1946.9036500000002,1898.0981,53.079464786101234,0,Hold
2022-04-05,1923.768,78,1940.51615,1899.7361,46.05011221992569,0,Hold
2022-04-06,1922.177,76,1937.7426,1901.2336799999998,45.94204823620938,0,Hold
2022-04-07,1930.772,75,1934.8867999999998,1903.5353599999999,53.131173061576845,0,Hold
2022-04-08,1947.138,83,1932.8312999999998,1906.50916,53.43756498232479,0,Hold
2022-04-11,1958.908,73,1933.6723000000002,1909.86676,62.32943017411706,0,Hold
2022-04-12,1969.738,79,1936.2622999999999,1913.2751600000001,60.71850822426416,0,Hold
2022-04-13,1973.544,74,1938.1281,1916.7975400000003,55.063236073431376,0,Hold
2022-04-14,1973.218,76,1940.0386000000003,1920.13314,56.27708077345917,0,Hold
2022-04-15,1973.218,78,1942.6396,1923.4684,76.43584141239995,0,Hold
2022-04-18,1978.562,78,1944.7398,1926.88848,79.01194228073302,0,Hold
2022-04-19,1943.928,78,1945.8503,1929.3410799999997,57.399915652676476,0,Hold
2022-04-20,1951.268,74,1946.4770500000002,1931.82328,55.40238907012678,0,Hold
2022-04-21,1950.338,76,1945.9569,1934.1502799999998,61.62219675888032,0,Hold
2022-04-22,1930.708,77,1944.6078999999997,1936.2826799999998,50.881778173209845,0,Hold
2022-04-25,1902.173,76,1943.4634,1937.16818,42.7870966018023,0,Hold
2022-04-26,1899.013,77,1942.2383999999997,1937.60288,42.34328930493303,0,Hold
2022-04-27,1878.828,79,1939.9309,1938.12408,34.05216878714937,0,Hold
2022-04-28,1904.228,77,1938.2396500000002,1938.7325400000002,37.518180231543454,0,Hold
2022-04-29,1895.748,79,1936.7881500000003,1938.84114,31.26927639383159,0,Hold
2022-05-02,1862.493,76,1933.4883999999997,1938.1356400000002,21.92906687606329,0,Hold
2022-05-03,1864.578,78,1930.5289,1937.48984,21.219308625279922,0,Hold
2022-05-04,1901.103,75,1929.4752,1936.80124,34.01019055178867,0,Hold
2022-05-05,1876.794,74,1926.7763,1936.0961599999998,30.700686916561253,0,Hold
2022-05-06,1883.148,76,1923.5768,1935.98856,30.97973861941935,0,Hold
2022-05-09,1864.208,76,1918.8418000000001,1935.1647600000003,33.04753155727943,0,Hold
2022-05-10,1836.338,75,1912.1718,1933.16726,27.522706115200776,0,Hold
2022-05-11,1852.908,79,1906.14,1931.7362000000003,32.043730510361286,0,Hold
2022-05-12,1824.778,76,1898.718,1929.45264,31.070272124890096,0,Hold
2022-05-13,1810.678,74,1890.591,1926.26924,32.7604074418815,0,Hold
2022-05-16,1822.558,73,1882.7908,1922.8986400000001,36.05258261183655,0,Hold
2022-05-17,1808.358,71,1876.0122999999999,1918.0354399999999,36.85741780990531,0,Hold
2022-05-18,1815.938,72,1869.2458,1914.80124,32.361613885359475,0,Hold
2022-05-19,1841.438,74,1863.8008000000002,1911.87224,39.84092660625968,0,Hold
2022-05-20,1845.738,76,1859.5523,1909.02204,46.48510759703455,0,Hold
2022-05-23,1855.608,75,1857.22405,1907.2924400000002,48.177777416628736,0,Hold
2022-05-24,1862.448,74,1855.3957999999998,1906.1826400000002,41.070397287045544,0,Hold
2022-05-25,1850.688,70,1853.9887999999999,1904.4718400000002,43.59814413371653,0,Hold
2022-05-26,1854.428,70,1851.4987999999998,1902.86024,42.865659777424526,0,Hold
2022-05-27,1852.838,70,1849.3533,1901.49304,46.90915022019243,0,Hold
2022-05-31,1836.593,73,1848.0583000000001,1899.4937400000001,50.073996691912626,-1,Sell
2022-06-01,1844.693,70,1847.0640500000002,1897.9532399999998,47.49290444654685,0,Hold
2022-06-02,1868.848,76,1845.4513,1896.55554,63.783935943950944,0,Hold
2022-06-03,1850.338,85,1844.1285000000003,1894.34748,62.07158945638274,0,Hold
2022-06-06,1840.058,77,1841.9740000000002,1891.9948800000002,55.378988135489024,0,Hold
2022-06-07,1846.654,81,1841.0963,1890.4267000000002,62.34829040537579,0,Hold
2022-06-08,1854.953,82,1842.02705,1889.0555,62.52206566742623,0,Hold
2022-06-09,1844.698,80,1841.61655,1887.4498999999998,51.15981215312366,0,Hold
2022-06-10,1871.038,84,1843.92955,1886.1096,57.78078484438431,0,Hold
2022-06-13,1825.318,87,1844.66155,1884.1204,42.36758554654034,0,Hold
2022-06-14,1815.518,89,1844.30955,1881.8609999999999,38.348478077362294,0,Hold
2022-06-15,1832.598,87,1845.5215500000002,1880.0376,45.62430458129743,0,Hold
2022-06-16,1842.063,83,1846.8277999999998,1878.43532,47.08969802527831,0,Hold
2022-06-17,1838.778,84,1846.6948,1876.5954400000003,46.716947648624675,0,Hold
2022-06-21,1827.483,83,1845.7820500000003,1874.20234,47.82244956496794,0,Hold
2022-06-22,1832.648,83,1844.63405,1871.67714,47.07992921040508,0,Hold
2022-06-23,1825.088,81,1842.7660499999997,1868.7841400000002,38.462958080674916,0,Hold
2022-06-24,1825.858,79,1841.52455,1865.8304199999998,42.879995346402175,0,Hold
2022-06-27,1825.883,82,1840.0973000000001,1862.88372,45.61566298598869,0,Hold
2022-06-28,1820.623,81,1838.48655,1859.83182,41.88149876184358,0,Hold
2022-06-29,1817.238,83,1837.5187999999998,1856.60534,37.86557704063579,0,Hold
2022-06-30,1801.324,80,1835.35035,1853.75326,36.535166145134845,0,Hold
2022-07-01,1810.598,82,1832.4378499999998,1850.9398599999997,29.01359741107514,0,Hold
2022-07-05,1769.164,83,1828.37915,1847.31638,29.90365895556573,0,Hold
2022-07-06,1745.698,85,1823.66115,1843.6161800000002,27.23923900429007,0,Hold
2022-07-07,1742.284,85,1818.4426499999997,1840.4184,17.678510077874535,0,Hold
2022-07-08,1741.838,83,1812.7869000000003,1837.2749000000001,11.656324363202259,0,Hold
2022-07-11,1733.294,85,1807.2167000000002,1834.36422,11.205425444274411,0,Hold
2022-07-12,1727.078,87,1800.0186999999999,1830.8212199999998,11.640292497306504,0,Hold
2022-07-13,1731.854,86,1795.3455000000001,1827.54334,11.376873792955493,0,Hold
2022-07-14,1708.404,88,1789.9898,1824.46156,10.141828466804228,0,Hold
2022-07-15,1707.798,87,1783.7498,1821.3259600000001,9.626564530469906,0,Hold
2022-07-18,1709.324,86,1777.1128500000002,1817.49038,10.544915409143542,0,Hold
2022-07-19,1711.988,85,1770.77335,1814.19426,12.569341556696415,0,Hold
2022-07-20,1691.478,83,1763.9731,1810.36086,11.242603550295854,0,Hold
2022-07-21,1713.578,87,1758.0196,1807.34826,23.951171434339074,0,Hold
2022-07-22,1726.618,87,1753.0961,1805.15386,25.61443040327076,0,Hold
2022-07-25,1723.898,89,1747.9981,1802.5736599999998,33.04364764230807,0,Hold
2022-07-26,1716.628,86,1742.53535,1800.4106600000002,37.60679388141397,0,Hold
2022-07-27,1736.778,84,1738.3431,1798.93266,47.94579832559803,0,Hold
2022-07-28,1762.794,86,1735.6209000000003,1797.73738,56.565656565656596,0,Hold
2022-07-29,1765.698,84,1733.8396,1796.88418,60.52433289162572,0,Hold
2022-08-01,1774.519,84,1732.0356500000003,1796.0557999999999,65.1517377501549,0,Hold
2022-08-02,1768.817,85,1732.0183000000002,1794.6033800000002,61.73585049435162,0,Hold
2022-08-03,1770.614,83,1733.2640999999999,1793.1009,72.90062285571247,0,Hold
2022-08-04,1792.018,84,1735.7508000000003,1791.8291,76.88604556134437,0,Hold
2022-08-05,1774.718,83,1737.3948,1790.0745000000002,68.96599728535135,0,Hold
2022-08-08,1785.598,89,1740.0099999999998,1788.7727,70.37771158381963,0,Hold
2022-08-09,1791.154,85,1743.2138000000002,1787.5072200000002,80.08451044307618,0,Hold
2022-08-10,1785.684,81,1745.9053,1786.1641399999999,74.19177346842918,0,Hold
2022-08-11,1791.014,84,1750.0358,1785.25256,72.78375318426266,0,Hold
2022-08-12,1801.778,87,1754.7347999999997,1784.39426,76.0705390857235,0,Hold
2022-08-15,1781.194,87,1758.3283,1782.64118,69.8447239331686,0,Hold
2022-08-16,1775.718,80,1761.5148000000002,1781.14878,63.15504986351723,0,Hold
2022-08-17,1762.214,84,1765.0516,1779.5919000000001,49.78596522303894,0,Hold
2022-08-18,1754.088,82,1767.0770999999997,1777.74058,45.874610912915514,0,Hold
2022-08-19,1746.498,83,1768.0711,1775.57148,39.95540675207732,0,Hold
2022-08-22,1738.324,87,1768.7923999999998,1773.444,39.25962452890002,0,Hold
2022-08-23,1745.308,82,1770.2264,1770.9294,41.400823694118586,0,Hold
2022-08-24,1756.294,77,1771.2022000000002,1769.5489200000002,36.9357245253211,1,Buy
2022-08-25,1757.308,80,1770.9279,1768.38472,42.77221474949762,0,Hold
2022-08-26,1737.338,85,1769.5098999999998,1766.4795199999999,31.37082329689335,0,Hold
2022-08-29,1734.864,83,1767.52715,1764.33554,27.741486484349053,0,Hold
2022-08-30,1723.918,85,1765.2822,1762.03834,26.58995467018387,0,Hold
2022-08-31,1704.514,82,1761.9772,1759.57896,20.3759007096085,0,Hold
2022-09-01,1699.424,83,1757.3474999999999,1756.9144800000001,13.52888356779404,0,Hold
2022-09-02,1711.278,83,1754.1754999999998,1754.63828,23.43455529211502,0,Hold
2022-09-06,1693.284,81,1749.5598000000002,1751.9868000000001,21.3989313718687,0,Hold
2022-09-07,1714.358,81,1745.72,1749.7563,34.22468354430376,0,Hold
2022-09-08,1719.188,73,1742.3951999999997,1747.7275999999997,38.23997196463233,0,Hold
2022-09-09,1715.938,72,1738.6414,1745.7016,39.39213018244426,0,Hold
2022-09-12,1721.208,83,1734.6129,1744.0992800000001,43.936516933541164,0,Hold
2022-09-13,1700.294,78,1730.5679,1741.8932,35.4859095892178,0,Hold
2022-09-14,1692.604,84,1726.4122,1740.362,29.018145400397913,0,Hold
2022-09-15,1664.288,86,1721.5158999999999,1738.7338,24.027787084813156,0,Hold
2022-09-16,1673.898,85,1717.5063999999998,1737.36608,31.199174944877754,0,Hold
2022-09-19,1676.865,84,1714.02475,1736.0666199999998,32.8617272130915,0,Hold
2022-09-20,1663.635,83,1710.2903,1734.67344,32.42406395596325,0,Hold
2022-09-21,1660.395,80,1706.0446499999998,1733.33978,35.798208962911005,0,Hold
2022-09-22,1669.025,81,1701.6812000000002,1732.0832,40.43268353171485,0,Hold
2022-09-23,1643.598,84,1695.9957,1730.78708,30.376010484684713,0,Hold
2022-09-26,1631.058,82,1690.6816999999999,1729.25228,31.368122260282178,0,Hold
2022-09-27,1624.503,78,1685.16365,1727.5558600000002,20.53335432120636,0,Hold
2022-09-28,1654.285,75,1681.682,1726.4018000000003,31.70932414990338,0,Hold
2022-09-29,1662.098,79,1679.5612,1725.8142,35.20749076841919,0,Hold
2022-09-30,1659.978,81,1677.5889,1724.7422,32.88077211268552,0,Hold
2022-10-03,1699.718,82,1677.0109,1724.2042000000001,49.85429525447738,0,Hold
2022-10-04,1719.224,83,1678.3079000000002,1724.1107200000001,56.35394985583071,0,Hold
2022-10-05,1722.075,81,1678.69375,1724.2196599999997,65.70205042089876,0,Hold
2022-10-06,1709.732,82,1678.2209500000001,1723.67874,59.59441802681746,0,Hold
2022-10-07,1694.458,82,1677.1469499999998,1722.3120199999998,54.41921919508067,0,Hold
2022-10-11,1665.208,80,1674.3469499999999,1720.30222,50.36569318969087,0,Hold
2022-10-12,1669.148,82,1672.78965,1718.1948000000002,52.028307789276575,0,Hold
2022-10-13,1668.928,83,1671.60585,1716.1970199999998,49.9766108381036,0,Hold
2022-10-14,1643.618,84,1670.57235,1713.6571000000001,50.004825230163476,0,Hold
2022-10-17,1652.358,83,1669.49535,1710.8638999999998,55.23485578340968,0,Hold
2022-10-18,1649.098,84,1668.107,1708.3515,56.144172591419405,0,Hold
2022-10-19,1626.067,84,1666.2286,1705.1608800000001,42.70468153755464,0,Hold
2022-10-20,1621.498,76,1664.2837499999998,1701.7677599999997,39.32444229414054,0,Hold
2022-10-21,1657.298,82,1663.6974000000002,1699.2000400000002,49.40134206599532,0,Hold
2022-10-24,1651.468,81,1664.0909,1696.40912,37.29755059918702,0,Hold
2022-10-25,1656.868,80,1665.3814000000002,1693.51092,32.26688962449802,0,Hold
2022-10-26,1664.448,85,1667.37865,1691.1760000000002,34.04099763496484,0,Hold
2022-10-27,1664.648,81,1667.8968,1688.9546000000003,36.61433220113529,0,Hold
2022-10-28,1644.498,73,1667.0168,1686.6002799999999,35.58402585410889,0,Hold
2022-10-31,1637.357,77,1665.8857500000001,1684.2656600000003,40.78824642292495,0,Hold
2022-11-01,1650.597,78,1663.4297,1682.34764,44.21982788167333,0,Hold
2022-11-02,1637.467,83,1659.34185,1680.3305000000003,40.92720655665843,0,Hold
2022-11-03,1639.058,81,1655.191,1678.2055000000003,48.476567198086364,0,Hold
2022-11-04,1681.148,84,1653.7618000000002,1676.7025799999997,57.86560444123885,0,Hold
2022-11-07,1669.978,86,1652.5378,1674.95598,55.4682016739821,0,Hold
2022-11-08,1708.297,79,1654.69225,1674.37516,69.93841229814277,0,Hold
2022-11-09,1709.548,74,1656.7122499999998,1673.8688399999999,71.69873627348548,0,Hold
2022-11-10,1752.767,84,1660.9042000000002,1674.44582,72.69710096000694,0,Hold
2022-11-14,1770.845,84,1667.26555,1675.77244,76.81918053190398,0,Hold
2022-11-15,1771.788,80,1673.2370500000002,1677.21972,76.34547138494841,0,Hold
2022-11-16,1762.248,82,1678.8945500000002,1678.2391200000002,72.22101044251173,0,Hold
2022-11-17,1762.408,83,1685.7115999999999,1679.6215999999997,72.21596022215968,0,Hold
2022-11-18,1750.398,85,1692.1565999999998,1680.3424,74.99032480342836,0,Hold
2022-11-21,1744.948,86,1696.5391,1680.8576,75.59362674900461,0,Hold
2022-11-22,1734.788,79,1700.7051,1681.2346,70.32509137612206,0,Hold
2022-11-23,1755.558,83,1705.6396,1681.9216000000001,77.49486614730554,0,Hold
2022-11-25,1754.417,99,1710.13805,1683.0040600000002,76.91518005048978,0,Hold
2022-11-28,1753.688,92,1714.59005,1684.2257399999999,70.97259165028346,0,Hold
2022-11-29,1754.168,86,1720.0735499999998,1686.02334,75.94453004622503,0,Hold
2022-11-30,1779.428,85,1727.1771,1688.13394,73.8389044915579,0,Hold
2022-12-01,1797.298,91,1734.51215,1690.5426,76.46100958928903,0,Hold
2022-12-02,1797.248,88,1742.5012000000002,1693.21486,68.13463686695323,0,Hold
2022-12-05,1772.358,92,1749.1662000000001,1695.45412,50.5843819764702,0,Hold
2022-12-06,1770.748,86,1753.6462000000004,1697.4885800000002,49.60036889025516,0,Hold
2022-12-07,1783.298,92,1759.3121999999998,1700.28258,57.905806354690924,0,Hold
2022-12-08,1796.358,88,1763.71525,1703.5885799999999,61.6243237690886,0,Hold
2022-12-09,1795.397,89,1768.0077,1707.00646,66.66864225335425,0,Hold
2022-12-12,1782.485,93,1769.4936000000002,1709.57046,63.17614765204323,0,Hold
2022-12-13,1808.915,87,1771.3970999999997,1712.5067999999999,73.35252940842908,0,Hold
2022-12-14,1790.975,91,1772.35645,1715.12674,61.360122656094624,0,Hold
2022-12-15,1778.805,86,1773.1843000000001,1716.70848,57.30564608895712,0,Hold
2022-12-16,1792.598,91,1774.6938000000002,1718.1759599999998,60.809774636618194,0,Hold
2022-12-19,1790.245,91,1776.68615,1719.5393599999998,59.91949364582704,0,Hold
2022-12-20,1813.955,90,1780.1364999999998,1721.6238199999998,59.57492831352361,0,Hold
2022-12-21,1820.005,87,1784.39735,1724.13476,56.738822049038774,0,Hold
2022-12-22,1794.715,85,1786.3552,1726.7249,49.34621797552121,0,Hold
2022-12-23,1798.198,87,1788.5442500000001,1729.3059,57.49802683504343,0,Hold
2022-12-27,1811.648,95,1791.4422499999996,1732.1603,61.10495677483813,0,Hold
2022-12-28,1808.755,93,1794.1716000000001,1735.46304,57.29447835181527,0,Hold
2022-12-29,1815.745,92,1795.9874499999999,1738.73078,55.75538073326405,0,Hold
2022-12-30,1823.463,91,1797.2957,1742.21808,58.010526195613714,0,Hold
2023-01-03,1846.457,77,1799.75615,1746.6258799999998,67.26509197685469,0,Hold
2023-01-04,1851.898,82,1803.7331499999996,1751.23388,63.082635824075474,0,Hold
2023-01-05,1837.925,81,1807.0919999999999,1754.8464199999999,64.64368590463361,0,Hold
2023-01-06,1865.598,81,1811.2069999999999,1759.12902,74.68360910295713,0,Hold
2023-01-09,1871.245,82,1814.95135,1763.41656,73.45361285897472,0,Hold
2023-01-10,1877.785,79,1819.0707499999996,1767.6833,75.46959011242235,0,Hold
2023-01-11,1884.248,80,1824.1589,1772.0753,72.73309401377708,0,Hold
2023-01-12,1895.795,82,1828.5029000000002,1777.1012400000002,73.6692858302832,0,Hold
2023-01-13,1919.398,81,1834.92405,1782.74206,89.35328093930511,0,Hold
2023-01-17,1899.475,82,1840.9575499999999,1787.71962,78.96028137599731,0,Hold
2023-01-18,1909.655,79,1846.8103999999998,1793.16338,78.5593146254044,0,Hold
2023-01-19,1923.638,85,1853.4800500000001,1798.8549799999998,81.44464212399069,0,Hold
2023-01-20,1925.298,81,1859.0472000000002,1803.7379799999999,80.88697172178524,0,Hold
2023-01-23,1932.618,79,1864.6778499999996,1808.99078,80.84398153119297,0,Hold
2023-01-24,1928.357,83,1871.35995,1813.39198,75.88266525086277,0,Hold
2023-01-25,1946.585,79,1878.7792999999997,1818.13272,77.6860954029509,0,Hold
2023-01-26,1921.535,82,1884.2736500000003,1821.5080799999998,72.95994024538938,0,Hold
2023-01-27,1927.598,84,1890.2158,1824.64314,69.31849340678517,0,Hold
2023-01-30,1920.095,80,1895.4333000000001,1827.60928,65.04706636110501,0,Hold
2023-01-31,1925.588,79,1900.53955,1830.87608,64.82015414473236,0,Hold
2023-02-01,1953.288,82,1905.8810999999998,1834.69368,68.9136175855003,0,Hold
2023-02-02,1915.935,81,1909.08295,1838.0044200000002,54.83390937019967,0,Hold
2023-02-03,1864.548,85,1910.4141,1840.39642,38.384356046487994,0,Hold
2023-02-06,1873.025,81,1910.78545,1843.16116,44.113274399309205,0,Hold
2023-02-07,1876.905,83,1911.06845,1845.5881,42.50084723252639,0,Hold
2023-02-08,1879.375,79,1911.14795,1848.08726,39.30044236022143,0,Hold
2023-02-09,1853.825,82,1909.6267999999995,1850.09,34.51188592974624,0,Hold
2023-02-10,1864.698,81,1908.07195,1852.3006,35.50501946322477,0,Hold
2023-02-13,1858.058,74,1905.0049499999998,1853.8731999999998,35.14811950969083,0,Hold
2023-02-14,1847.715,78,1902.41695,1854.88154,28.392093783601823,0,Hold
2023-02-15,1839.248,78,1898.8966,1855.7215399999998,30.610888835479884,0,Hold
2023-02-16,1826.665,79,1894.0479500000001,1856.8076800000001,26.92633013135577,0,Hold
2023-02-17,1841.898,82,1889.87795,1858.23068,32.734081404642964,0,Hold
2023-02-21,1836.425,76,1885.0683000000001,1859.2932199999998,30.31104672988002,0,Hold
2023-02-22,1829.785,77,1880.1397000000002,1859.9617600000001,19.93144048030618,0,Hold
2023-02-23,1825.425,76,1874.0817,1860.56232,23.746345198867587,0,Hold
2023-02-24,1810.665,79,1868.5381999999997,1861.1259199999997,30.15344496092051,0,Hold
2023-02-27,1814.385,80,1862.87755,1861.23532,27.61695370709657,0,Hold
2023-02-28,1829.995,77,1858.37255,1862.0157199999999,33.56595339190872,0,Hold
2023-03-01,1834.305,79,1853.8084000000003,1863.1257199999998,34.41153276794735,0,Hold
2023-03-02,1838.345,76,1848.06125,1864.04066,43.70997627019471,0,Hold
2023-03-03,1855.798,78,1845.0544000000002,1865.3517200000001,46.56720562823991,0,Hold
2023-03-06,1847.218,84,1844.1879000000001,1866.01698,45.88058249475575,0,Hold
2023-03-07,1811.445,80,1841.1089,1865.84578,38.449191730041655,0,Hold
2023-03-08,1814.205,80,1837.9739000000002,1866.2355800000003,41.72378465910965,0,Hold
2023-03-09,1829.695,76,1835.4899,1866.86552,50.982477529474316,0,Hold
2023-03-10,1867.448,85,1836.1710499999997,1867.98152,57.2288679394756,0,Hold
2023-03-13,1902.845,89,1838.0783999999999,1869.86332,66.07096193490317,0,Hold
2023-03-14,1902.725,93,1840.31175,1871.6029199999998,68.22351918291469,0,Hold
2023-03-15,1913.135,88,1843.58275,1873.39636,71.27066195871485,0,Hold
2023-03-16,1927.625,88,1848.0016,1875.01972,78.40130933532772,0,Hold
2023-03-17,1987.798,92,1856.05825,1877.73772,83.04879954566067,0,Hold
2023-03-20,1983.755,94,1863.1510999999998,1880.65432,80.6548853232958,0,Hold
2023-03-21,1939.515,87,1868.3056000000001,1882.13266,68.09460584338302,0,Hold
2023-03-22,1976.745,86,1875.6536,1884.2426600000001,71.36382721232926,0,Hold
2023-03-23,1992.698,86,1884.01725,1886.5409200000001,71.23059935734402,0,Hold
2023-03-24,1977.988,92,1892.3834000000002,1888.41572,69.90156509669994,0,Hold
2023-03-27,1959.565,83,1899.6424,1889.69112,73.79881230879971,0,Hold
2023-03-28,1966.375,84,1906.4613999999997,1890.6306599999998,74.13542611707831,0,Hold
2023-03-29,1959.425,88,1912.7174,1891.82966,71.14919367985861,0,Hold
2023-03-30,1981.038,83,1919.8520500000002,1893.2573200000002,69.54660279045433,0,Hold
2023-03-31,1968.748,87,1925.49955,1894.15952,62.32039034603952,0,Hold
2023-04-03,1978.045,89,1932.0409,1895.21446,63.613754012551,0,Hold
2023-04-04,2022.975,88,1942.6173999999999,1897.0216,67.65053735794723,0,Hold
2023-04-05,2011.265,90,1952.4703999999997,1898.67976,63.56154255250155,0,Hold
2023-04-06,2006.476,90,1961.30945,1899.87758,53.69147943775992,0,Hold
2023-04-07,2006.476,90,1968.2608500000001,1901.5764000000001,54.56345779188175,0,Hold
2023-04-10,1997.478,100,1972.9924999999998,1902.974,63.56157845233806,0,Hold
2023-04-11,2017.074,94,1978.70995,1904.9135800000001,60.284389679143615,0,Hold
2023-04-12,2017.385,89,1983.92245,1906.7495199999998,56.841270984941254,0,Hold
2023-04-13,2044.985,87,1989.79045,1908.5834599999998,67.32827428524135,0,Hold
2023-04-14,2003.498,92,1990.5754499999998,1910.33472,60.151769332797265,0,Hold
2023-04-17,2000.125,86,1991.3939500000001,1913.04626,57.92461867908935,0,Hold
2023-04-18,2003.365,83,1994.58645,1915.6530599999999,60.500205511532585,0,Hold
2023-04-19,1992.665,85,1995.3824499999998,1917.96826,52.93135875676302,0,Hold
2023-04-20,2002.065,82,1995.8508000000002,1920.42206,58.52398033065381,0,Hold
2023-04-21,1982.248,87,1996.0638000000004,1922.99052,51.020388344800466,0,Hold
2023-04-24,1992.775,88,1997.7243000000003,1925.55206,41.19779886678951,0,Hold
2023-04-25,1993.995,84,1999.1053,1928.2708000000002,44.63857740689682,0,Hold
2023-04-26,1999.655,86,2001.1167999999998,1931.3095999999998,47.89383001191876,0,Hold
2023-04-27,1988.665,80,2001.49815,1934.29794,44.84990082061539,0,Hold
2023-04-28,1989.548,83,2002.5381499999999,1937.5556,47.594111793403044,0,Hold
2023-05-01,1982.025,86,2002.7371500000002,1940.3581399999998,38.52590502255599,0,Hold
2023-05-02,2018.455,88,2002.5111500000003,1943.99874,50.28329361927454,0,Hold
2023-05-03,2040.885,85,2003.99215,1948.22074,48.8839285714286,0,Hold
2023-05-04,2049.685,91,2006.1526000000001,1952.70594,65.29441762200894,0,Hold
2023-05-05,2016.298,82,2006.6436999999999,1956.8186,54.4675067815057,0,Hold
2023-05-08,2024.865,86,2008.01305,1961.0282,55.76921012804964,0,Hold
2023-05-09,2031.615,83,2008.7401000000002,1965.0606,60.67802000175457,0,Hold
2023-05-10,2032.294,83,2009.48555,1969.0203800000004,58.70335074253009,0,Hold
2023-05-11,2011.574,80,2007.815,1972.4849600000002,58.39968837001479,0,Hold
2023-05-12,2009.798,80,2008.1299999999999,1975.56496,55.133130295811576,0,Hold
2023-05-15,2016.854,79,2008.96645,1978.9576800000002,56.658568840263136,0,Hold
2023-05-16,1991.288,84,2008.3626,1982.55454,47.81605475132729,0,Hold
2023-05-17,1982.234,79,2007.8410500000002,1985.91512,48.30424900195652,0,Hold
2023-05-18,1963.185,82,2005.89705,1988.58492,43.65624413461862,0,Hold
2023-05-19,1977.448,82,2005.6570499999998,1990.78492,48.933234511273646,0,Hold
2023-05-22,1962.595,80,2004.1480499999998,1991.97992,35.52474734387154,0,Hold
2023-05-23,1976.435,79,2003.2700500000003,1993.45412,32.520611846387524,0,Hold
2023-05-24,1957.125,79,2001.1435500000002,1994.33392,26.250833889259567,0,Hold
2023-05-25,1948.385,79,1999.12955,1994.7491199999997,30.05175563819229,0,Hold
2023-05-26,1945.788,73,1996.94155,1993.9089199999999,25.928293547149877,0,Hold
2023-05-30,1957.965,78,1995.73855,1993.39312,28.297383309759567,0,Hold
2023-05-31,1964.165,79,1993.02405,1993.88612,30.55690321402274,0,Hold
2023-06-01,1982.375,54,1990.0985500000002,1993.99872,41.54588253006815,0,Hold
2023-06-02,1947.738,55,1985.0012,1993.09952,34.90406320541763,0,Hold
2023-06-05,1959.155,54,1982.14405,1992.7228599999999,36.256449100341555,0,Hold
2023-06-06,1963.315,52,1979.0665500000002,1992.79786,42.58038163039039,0,Hold
2023-06-07,1946.275,54,1974.7995500000002,1992.39586,40.84980126518506,0,Hold
2023-06-08,1963.745,54,1971.3720999999998,1992.48226,50.143653098289484,-1,Sell
2023-06-09,1960.798,54,1968.8333000000002,1992.0774599999997,45.46563688057601,0,Hold
2023-06-12,1961.945,56,1966.44065,1991.9414000000002,49.80870199891693,0,Hold
2023-06-13,1949.185,54,1963.0572,1991.3642000000002,41.92889131104422,0,Hold
2023-06-14,1934.785,54,1960.23205,1989.6004,43.18495198350234,0,Hold
2023-06-15,1956.575,56,1958.9490999999998,1988.5066,52.31418689814189,0,Hold
2023-06-16,1957.358,55,1958.6577499999999,1987.52424,53.30310954789937,0,Hold
2023-06-20,1936.888,56,1956.62975,1986.13248,44.254787903898446,0,Hold
2023-06-21,1932.555,55,1955.12775,1984.83402,41.295080522570544,0,Hold
2023-06-22,1912.345,54,1951.9232499999998,1982.7394399999998,30.924909023555742,0,Hold
2023-06-23,1920.388,56,1950.0863999999997,1980.7995,41.2881442313817,0,Hold
2023-06-26,1928.365,69,1949.0854,1978.4670999999998,39.97264378297398,0,Hold
2023-06-27,1915.028,65,1947.5474000000002,1976.6977,35.161363678268216,0,Hold
2023-06-28,1905.355,63,1944.9168999999997,1974.8022999999998,36.82889146388559,0,Hold
2023-06-29,1908.225,71,1942.1198999999997,1972.8995000000002,30.27568566150339,0,Hold
2023-06-30,1919.538,72,1938.9780499999997,1971.43696,36.16420533043602,0,Hold
2023-07-03,1922.945,95,1937.7383999999997,1969.8545599999998,37.11731828812279,0,Hold
2023-07-05,1918.098,74,1935.6855500000001,1968.57156,39.164743853387485,0,Hold
2023-07-06,1911.085,62,1933.07405,1966.9377599999998,41.29099113665423,0,Hold
2023-07-07,1923.838,59,1931.9521999999997,1965.53462,37.114359713136295,0,Hold
2023-07-10,1926.615,89,1930.0957000000003,1964.07382,38.0862326871953,0,Hold
2023-07-11,1938.385,64,1928.9750499999998,1963.06822,50.62207557989747,0,Hold
2023-07-12,1960.205,72,1928.88805,1962.48136,60.03192801683474,0,Hold
2023-07-13,1962.445,96,1929.55105,1962.0897599999998,70.902870493992,0,Hold
2023-07-14,1954.748,61,1930.5492,1960.81562,64.37729091000395,0,Hold
2023-07-17,1959.695,81,1930.7051999999999,1959.19182,63.450508311581295,0,Hold
2023-07-18,1975.425,57,1931.6085500000002,1957.70662,75.40742236469042,0,Hold
2023-07-19,1985.055,58,1934.0169,1957.08176,83.53981853990283,0,Hold
2023-07-20,1970.045,54,1935.8914,1955.98536,73.60370817233543,0,Hold
2023-07-21,1961.428,54,1938.34555,1954.5816200000002,66.33036535732674,0,Hold
2023-07-24,1961.565,57,1940.4044000000001,1953.16704,65.44948315038253,0,Hold
2023-07-25,1963.815,53,1942.1769,1952.21186,68.67661837880246,0,Hold
2023-07-26,1977.865,56,1945.31875,1951.5732,75.79812714404926,0,Hold
2023-07-27,1954.125,57,1947.75725,1950.31862,60.78481643699038,0,Hold
2023-07-28,1958.465,55,1950.26925,1949.6621599999999,61.21652650410627,0,Hold
2023-07-31,1962.055,55,1952.3951000000002,1949.2585800000002,58.84542369841108,0,Hold
2023-08-01,1949.215,53,1953.7086000000004,1948.97918,45.59759009117275,0,Hold
2023-08-02,1937.215,53,1954.6644499999998,1948.1745199999998,40.62625391965997,0,Hold
2023-08-03,1935.105,54,1955.86545,1947.62472,42.385902892449856,0,Hold
2023-08-04,1942.568,53,1956.8019500000003,1946.94738,43.488179336461194,0,Hold
2023-08-07,1933.015,54,1957.12195,1946.4651800000001,33.080667039017044,0,Hold
2023-08-08,1930.005,53,1956.70295,1946.09758,26.81324235531966,0,Hold
2023-08-09,1918.595,55,1954.62245,1945.55372,27.65181131091994,0,Hold
2023-08-10,1914.555,51,1952.22795,1944.68552,28.79682990600088,0,Hold
2023-08-11,1913.378,54,1950.1594499999999,1943.66978,28.40561784661159,0,Hold
2023-08-14,1907.085,54,1947.52895,1942.1639799999998,25.466198450041517,0,Hold
2023-08-15,1903.995,50,1943.9574499999999,1941.2891200000001,14.70818682158692,0,Hold
2023-08-16,1892.665,54,1939.3379499999999,1939.95932,16.686902413112776,0,Hold
2023-08-17,1892.615,54,1935.46645,1938.5453200000002,12.566510527991369,0,Hold
2023-08-18,1889.258,55,1931.85795,1937.40498,8.507460985146395,0,Hold
2023-08-21,1896.025,53,1928.58095,1936.0505799999999,17.428046540110273,0,Hold
2023-08-22,1901.505,56,1925.4654500000001,1934.86472,26.234526820178445,0,Hold
2023-08-23,1920.778,55,1922.6110999999996,1934.0413799999997,42.23830626374698,0,Hold
2023-08-24,1913.355,51,1920.5726,1933.32478,34.16691056117416,0,Hold
2023-08-25,1914.778,51,1918.38825,1932.9246399999997,39.16051496023676,0,Hold
2023-08-28,1925.335,55,1916.55225,1932.29984,47.452819897458234,0,Hold
2023-08-29,1936.705,53,1915.9267499999999,1931.88678,59.8821346720506,0,Hold
2023-08-30,1945.075,53,1916.31975,1932.05052,65.90245935806584,0,Hold
2023-08-31,1938.825,55,1916.5057499999998,1932.1759200000001,62.593410073936305,0,Hold
2023-09-01,1939.238,54,1916.3392499999998,1932.71378,66.89542105871597,0,Hold
2023-09-05,1926.465,54,1916.0117500000001,1932.8353200000001,60.71673852493419,0,Hold
2023-09-06,1920.065,52,1915.5147499999998,1932.66932,63.71289011670976,0,Hold
2023-09-07,1924.885,51,1915.82925,1932.8664600000002,65.414230578165,0,Hold
2023-09-08,1918.258,51,1916.0144,1933.1245200000003,63.432642247049465,0,Hold
2023-09-11,1923.645,54,1916.52775,1933.43292,62.95910515549047,0,Hold
2023-09-12,1909.548,52,1916.6509,1933.23312,53.491400640719505,0,Hold
2023-09-13,1909.635,56,1916.9329000000002,1932.96692,44.19617279706655,0,Hold
2023-09-14,1915.565,56,1918.0778999999998,1932.91626,51.16926267671212,0,Hold
2023-09-15,1922.738,53,1919.5840500000002,1933.14932,53.96991641231275,0,Hold
2023-09-18,1932.138,54,1921.7280500000002,1933.3153200000002,53.43249543376687,0,Hold
2023-09-19,1930.515,52,1923.45255,1933.39332,46.536094012311224,0,Hold
2023-09-20,1928.188,55,1924.7867,1933.18938,39.8645972127192,0,Hold
2023-09-21,1923.755,53,1924.9355500000001,1932.46038,40.753466683028584,0,Hold
2023-09-22,1924.818,54,1925.5086999999999,1931.70784,41.22230338446544,0,Hold
2023-09-25,1913.565,61,1925.4480500000002,1930.88418,41.999503845199705,0,Hold
2023-09-26,1899.825,56,1924.17255,1929.6867800000002,38.49477035015907,0,Hold
2023-09-27,1874.585,59,1921.06655,1927.66998,26.79461155194676,0,Hold
2023-09-28,1863.225,67,1916.97405,1925.23338,25.673441602645,0,Hold
2023-09-29,1848.098,61,1912.4377,1922.79444,19.253091092606496,0,Hold
2023-10-02,1820.378,54,1906.4947,1919.9734399999998,17.331252381370987,0,Hold
2023-10-03,1820.645,60,1901.2037,1917.1550399999999,17.440141669593658,0,Hold
2023-10-04,1828.265,58,1896.6137000000003,1914.44404,18.448672169777183,0,Hold
2023-10-05,1823.925,61,1891.5656999999999,1911.36524,13.541136274748496,0,Hold
2023-10-06,1832.698,57,1887.2877,1908.9367000000002,13.139243509333923,0,Hold
2023-10-10,1860.005,52,1884.1057,1906.9675,28.043843806439625,0,Hold
2023-10-11,1877.565,53,1882.50655,1905.2776999999999,35.60235035807126,0,Hold
2023-10-12,1873.565,53,1880.70305,1903.7647,35.69025488966187,0,Hold
2023-10-13,1932.738,54,1881.5617000000002,1903.67516,51.696076751756046,0,Hold
2023-10-16,1916.775,55,1881.2635500000001,1903.30856,50.673831814937664,0,Hold
2023-10-17,1937.395,54,1881.5264,1903.2051,57.66515689394864,0,Hold
2023-10-18,1946.275,55,1882.3144,1903.4703,65.6726859341524,0,Hold
2023-10-19,1977.725,57,1884.7912499999998,1904.4247,73.01045016077168,0,Hold
2023-10-20,1980.648,56,1887.6359,1905.66576,78.01188523897272,0,Hold
2023-10-23,1976.835,56,1890.23675,1906.91136,86.78069857867592,0,Hold
2023-10-24,1973.155,54,1893.21625,1908.1069,85.28657763463548,0,Hold
2023-10-25,1987.105,55,1897.5802500000002,1909.7073,85.70529420227304,0,Hold
2023-10-26,1987.785,54,1903.24025,1911.3831,87.449947890955,0,Hold
2023-10-27,2005.648,55,1910.3613999999998,1913.6427600000002,87.95060167996421,0,Hold
2023-10-30,1992.055,53,1917.5592499999998,1915.6315599999998,80.83148103180984,0,Hold
2023-10-31,1977.015,54,1925.3911,1917.3866999999998,73.49641824333271,0,Hold
2023-11-01,1985.315,54,1933.6245999999999,1919.1725,75.8766811159276,0,Hold
2023-11-02,1985.745,54,1941.4986000000001,1920.8573000000001,66.86134173108124,0,Hold
2023-11-03,1992.058,54,1949.9052500000003,1922.2829000000002,75.513606940726,0,Hold
2023-11-06,1971.335,59,1956.8371,1923.4425,61.49433072786145,0,Hold
2023-11-07,1967.535,58,1962.2136000000003,1924.4976400000003,57.4566141500302,0,Hold
2023-11-08,1949.415,51,1965.8061000000002,1924.97924,39.0464914724363,0,Hold
2023-11-09,1957.675,56,1970.0115999999998,1925.3986400000001,41.4639765169249,0,Hold
2023-11-13,1944.675,59,1970.6084500000002,1925.39064,38.814068673827094,0,Hold
2023-11-14,1967.435,59,1973.1414499999998,1925.9628400000001,48.243588483836085,0,Hold
2023-11-15,1962.505,61,1974.3969499999998,1926.4281799999999,42.00322471588694,0,Hold
2023-11-16,1986.005,59,1976.38345,1927.61898,49.49612754200825,0,Hold
2023-11-17,1980.398,58,1976.5171000000003,1928.82564,42.31943836083125,0,Hold
2023-11-20,1992.075,60,1977.08845,1930.16944,50.006155361319706,0,Hold
2023-11-21,1999.148,60,1978.2041000000002,1931.7872399999999,57.16310771361804,0,Hold
2023-11-22,1995.115,61,1979.3021,1933.21664,53.26175229321155,0,Hold
2023-11-24,2000.505,71,1979.9721000000002,1935.0357800000002,54.75558362223403,0,Hold
2023-11-27,2015.075,64,1981.3366,1937.1445800000001,57.04129268307607,0,Hold
2023-11-28,2046.115,66,1983.35995,1939.75558,71.51818600368324,0,Hold
2023-11-29,2044.495,64,1985.98195,1942.19072,72.42685627695528,0,Hold
2023-11-30,2040.115,61,1989.13695,1944.35026,78.73162696401423,0,Hold
2023-12-01,2071.668,61,1993.4546000000003,1947.1733199999999,81.46665709727111,0,Hold
2023-12-04,2032.205,71,1995.7776,1949.25366,71.08181275169076,0,Hold
2023-12-05,2021.925,68,1997.27095,1951.21706,63.96348838639577,0,Hold
2023-12-06,2025.995,66,2000.0039499999998,1953.2406,66.34183757515848,0,Hold
2023-12-07,2031.425,63,2003.1984499999999,1955.5978,62.88978692972193,0,Hold
2023-12-08,2004.418,66,2005.9485999999997,1957.6896599999998,56.07836587612481,0,Hold
2023-12-11,1985.585,58,2007.3440999999998,1959.9096600000003,48.41507848902521,0,Hold
2023-12-12,1978.205,63,2009.0205999999998,1962.20926,44.893171875990625,0,Hold
2023-12-13,2031.135,63,2012.2056,1965.87,57.092058941664746,0,Hold
2023-12-14,2036.585,65,2015.9096000000002,1970.1941400000003,57.10219443635187,0,Hold
2023-12-15,2019.485,64,2017.5836,1974.1709400000002,50.859528487229845,0,Hold
2023-12-18,2024.058,63,2019.7665999999997,1978.0868,45.20643806857944,0,Hold
2023-12-19,2040.425,63,2022.1841,1982.4168,49.168763479511156,0,Hold
2023-12-20,2036.225,65,2024.03795,1986.48734,49.204941218790346,0,Hold
2023-12-21,2049.498,61,2026.7571,1990.2772,45.10284684302603,0,Hold
2023-12-22,2052.908,63,2029.37725,1993.7840600000002,55.43948335023618,0,Hold
2023-12-26,2065.755,68,2031.9112499999999,1997.6278599999998,61.36257582827812,0,Hold
2023-12-27,2086.465,68,2033.9287500000003,2000.7024000000001,64.4312920624314,0,Hold
2023-12-28,2069.865,67,2035.19725,2003.7641999999998,58.709443538154716,0,Hold
2023-12-29,2062.688,66,2036.3259000000003,2006.2700600000003,64.5058501369181,0,Hold
2024-01-02,2064.775,80,2035.98125,2008.64006,71.50686568461298,0,Hold
2024-01-03,2043.015,82,2036.5217500000003,2009.94586,66.32625299772273,0,Hold
2024-01-04,2044.555,78,2037.65325,2011.2240000000002,54.56170883924567,0,Hold
2024-01-05,2045.355,86,2038.6212500000001,2012.5944,53.07840274072616,0,Hold
2024-01-08,2032.795,81,2038.68975,2013.7872,54.82582086088879,0,Hold
2024-01-09,2029.725,75,2039.9551,2014.6396000000002,52.077330811357655,0,Hold
2024-01-10,2031.995,75,2042.2756000000002,2015.5238,46.553669544740956,1,Buy
2024-01-11,2034.578,75,2045.09425,2016.1024,49.31765641701263,0,Hold
2024-01-12,2048.675,73,2045.97125,2017.2348000000002,49.66134753232223,0,Hold
2024-01-16,2025.355,73,2045.40975,2018.2016,40.258518890405334,0,Hold
2024-01-17,2008.035,77,2044.83725,2018.656,30.218514812123914,0,Hold
2024-01-18,2020.995,75,2044.6841,2019.3609999999999,26.303712068566085,0,Hold
2024-01-19,2029.375,76,2044.1316,2020.10734,34.417813490964036,0,Hold
2024-01-22,2027.508,75,2043.69575,2021.2307999999998,35.88441106135748,0,Hold
2024-01-23,2024.405,76,2042.4411,2022.3682,33.93297779192868,0,Hold
2024-01-24,2015.665,76,2040.5789499999998,2023.6932000000002,37.85631826658376,0,Hold
2024-01-25,2021.115,74,2038.3469499999999,2024.9619999999998,39.94164092001375,0,Hold
2024-01-26,2017.915,76,2034.9194499999999,2026.4268,38.462832156071336,0,Hold
2024-01-29,2031.705,76,2033.01145,2027.7122,49.54640033291713,0,Hold
2024-01-30,2034.475,76,2031.6007999999997,2029.1516000000001,51.98164372131831,0,Hold
2024-01-31,2045.634,72,2030.64375,2030.34418,55.297151601301884,0,Hold
2024-02-01,2054.965,74,2031.2412499999998,2031.8355199999999,57.523600050189344,0,Hold
2024-02-02,2039.275,73,2030.9772500000004,2032.7795200000003,46.571345199883254,0,Hold
2024-02-05,2026.245,76,2030.0217499999999,2033.3214600000001,50.350974051581304,0,Hold
2024-02-06,2035.145,73,2030.1392500000002,2034.1220600000001,61.451381262144025,0,Hold
2024-02-07,2032.125,76,2030.2592499999998,2034.7544599999999,55.13234344738543,0,Hold
2024-02-08,2032.655,72,2030.29225,2035.10606,51.6305428514615,0,Hold
2024-02-09,2024.155,74,2029.7711,2034.6668600000003,48.43629037523433,0,Hold
2024-02-12,2018.895,69,2028.2821,2034.15486,47.48102770412363,0,Hold
2024-02-13,1992.285,74,2026.6286,2033.1982600000001,40.812637535366314,0,Hold
2024-02-14,1991.945,77,2025.8240999999998,2031.6038,38.05780725456483,0,Hold
2024-02-15,2003.555,78,2024.9521,2031.0307999999998,44.49977018538386,0,Hold
2024-02-16,2013.055,78,2024.1361000000002,2030.8534,42.61386138613871,0,Hold
2024-02-20,2030.765,84,2024.2989499999999,2030.9488000000001,48.68616757560741,0,Hold
2024-02-21,2028.745,81,2024.5159500000002,2030.8952,43.60512226336794,0,Hold
2024-02-22,2025.995,82,2025.03245,2031.32674,38.4554076671714,0,Hold
2024-02-23,2035.215,79,2025.73745,2032.31934,48.294117647058755,0,Hold
2024-02-26,2033.675,80,2026.5254499999999,2033.4287399999998,53.45549251232444,0,Hold
2024-02-27,2030.118,83,2026.4461,2033.4084,47.53981226814919,0,Hold
2024-02-28,2035.048,82,2026.47475,2033.37766,51.40424877734753,0,Hold
2024-02-29,2045.425,80,2026.4643,2033.8964599999997,55.604613602050456,0,Hold
2024-03-01,2082.395,78,2027.8358,2035.0632,70.45029987218557,0,Hold
2024-03-04,2115.815,92,2031.6628,2036.5710000000001,78.41328845995983,0,Hold
2024-03-05,2126.115,85,2036.6563,2038.3688,93.38256269287602,0,Hold
2024-03-06,2158.115,88,2042.8048,2040.54114,94.6924218951716,0,Hold
2024-03-07,2157.625,100,2049.0798,2042.63548,94.07440040278287,0,Hold
2024-03-08,2178.965,88,2056.3953,2044.8996800000002,94.45033864883403,0,Hold
2024-03-11,2177.385,88,2064.0568,2046.7180799999999,92.99858059521162,0,Hold
2024-03-12,2159.045,80,2071.0643,2048.50168,84.87425995910378,0,Hold
2024-03-13,2172.165,79,2080.0582999999997,2050.6912199999997,87.0643662771828,0,Hold
2024-03-14,2164.478,79,2088.68495,2052.6852799999997,83.03407598223377,0,Hold
2024-03-15,2155.625,81,2096.28845,2054.93748,80.04227350663177,0,Hold
2024-03-18,2161.445,80,2103.70795,2057.27528,81.9955463949676,0,Hold
2024-03-19,2159.765,77,2110.15795,2059.56348,80.87405991771335,0,Hold
2024-03-20,2202.695,78,2118.85545,2062.96148,83.52875964695346,0,Hold
2024-03-21,2173.675,79,2126.23945,2065.84048,70.14299585135494,0,Hold
2024-03-22,2165.055,75,2132.73145,2068.50168,62.20140747348589,0,Hold
2024-03-25,2170.225,80,2139.55895,2071.21462,61.215357233663845,0,Hold
2024-03-26,2177.635,75,2146.9348,2073.7938200000003,55.67243984656523,0,Hold
2024-03-27,2194.715,78,2154.91815,2077.18102,59.83037370792469,0,Hold
2024-03-28,2232.698,78,2164.2818,2081.67428,63.086905057649176,0,Hold
2024-03-29,2232.698,79,2171.79695,2085.90834,63.576207703975534,0,Hold
2024-04-01,2251.485,81,2178.58045,2090.35054,72.63910658307198,0,Hold
2024-04-02,2284.985,83,2186.52395,2095.50008,75.1224726106706,0,Hold
2024-04-03,2299.015,83,2193.56895,2100.99228,79.13531962076011,0,Hold
2024-04-04,2276.595,80,2199.5174500000003,2106.21088,74.74330128860692,0,Hold
2024-04-05,2328.195,85,2206.9789499999997,2112.35248,78.72721634565676,0,Hold
2024-04-08,2343.855,78,2215.30245,2118.87128,80.25705926826856,0,Hold
2024-04-09,2351.225,83,2224.91145,2125.26168,77.64377442769393,0,Hold
2024-04-10,2343.825,89,2233.49445,2131.44868,84.43913694692935,0,Hold
2024-04-11,2384.105,85,2244.4758,2138.2181,89.2999390003229,0,Hold
2024-04-12,2343.285,99,2253.8588,2143.9845,77.52751797416803,0,Hold
2024-04-15,2387.818,90,2265.17745,2150.95536,79.90115602495848,0,Hold
2024-04-16,2381.605,83,2276.2694500000002,2158.06256,77.43573030804815,0,Hold
2024-04-17,2374.735,84,2284.87145,2164.85436,72.94746399640687,0,Hold
2024-04-18,2391.235,84,2295.7494500000003,2172.03656,74.31675884938781,0,Hold
2024-04-19,2390.295,90,2307.01145,2179.18936,72.52414518264655,0,Hold
2024-04-22,2302.465,86,2313.62345,2184.7555599999996,52.41126064237749,0,Hold
2024-04-23,2327.815,83,2321.13245,2190.93396,53.852471735163995,0,Hold
2024-04-24,2313.075,84,2327.05045,2197.34976,54.98216363566835,0,Hold
2024-04-25,2334.565,80,2332.1438,2204.20216,50.94792795152322,0,Hold
2024-04-26,2337.245,80,2337.37115,2210.8759600000003,48.9768308690591,0,Hold
2024-04-29,2329.054,88,2341.2496,2217.1959399999996,46.576827230983525,0,Hold
2024-04-30,2284.075,82,2341.2041,2222.2621400000003,41.73390220687521,0,Hold
2024-05-01,2319.395,79,2342.2231,2228.07514,40.92314338936645,0,Hold
2024-05-02,2302.345,80,2343.5106,2233.60214,43.84705097298956,0,Hold
2024-05-03,2301.175,84,2342.1596,2238.92134,35.02659657199739,0,Hold
2024-05-06,2324.775,84,2341.2056,2244.74334,40.73554823774903,0,Hold
2024-05-07,2316.925,80,2339.4906,2250.47948,40.605804543534084,0,Hold
2024-05-08,2312.235,80,2337.9111000000003,2256.02322,36.64999324050291,0,Hold
2024-05-09,2353.255,79,2336.3686,2262.1798200000003,44.48743898083105,0,Hold
2024-05-10,2360.175,81,2337.2131,2267.73542,61.31346794746128,0,Hold
2024-05-13,2343.008,80,2334.9726,2272.27928,53.07716300680118,0,Hold
2024-05-14,2360.238,78,2333.90425,2276.96174,59.456923206487076,0,Hold
2024-05-15,2388.595,79,2334.59725,2281.5713400000004,60.54350880479575,0,Hold
2024-05-16,2377.755,80,2333.92325,2285.97394,57.661204914064434,0,Hold
2024-05-17,2414.525,81,2335.13475,2290.68514,64.58733696746688,0,Hold
2024-05-20,2413.665,84,2340.69475,2295.41074,76.0384015688544,0,Hold
2024-05-21,2413.904,81,2344.9992,2300.50792,72.10602396111582,0,Hold
2024-05-22,2372.365,77,2347.9637,2304.51192,64.69452512465793,0,Hold
2024-05-23,2330.495,77,2347.7601999999997,2307.83226,55.255384438899824,0,Hold
2024-05-24,2333.405,78,2347.5682,2311.3878600000003,51.6707839325956,0,Hold
2024-05-28,2358.045,78,2349.01775,2315.31986,57.47495019123653,0,Hold
2024-05-29,2334.268,76,2351.5274,2318.80992,53.74533808845476,0,Hold
2024-05-30,2343.595,80,2352.7374,2321.6279200000004,48.15962140783242,0,Hold
2024-05-31,2326.995,76,2353.9699,2324.69432,43.90355938058101,0,Hold
2024-06-03,2345.578,38,2356.19005,2328.30478,50.469763327021106,0,Hold
2024-06-04,2337.048,35,2356.8037,2331.64124,45.62191797373527,0,Hold
2024-06-05,2368.328,35,2359.37385,2335.4550999999997,46.21552480720038,0,Hold
2024-06-06,2380.085,35,2362.76635,2339.1625,50.43359808249155,0,Hold
2024-06-07,2293.415,35,2359.77435,2340.37684,30.992334783509463,0,Hold
2024-06-10,2303.528,36,2356.942,2341.79344,33.202373145027224,0,Hold
2024-06-11,2313.915,36,2355.48735,2343.04204,35.20798383350645,0,Hold
2024-06-12,2314.138,35,2353.18235,2343.6251,40.186471700593636,0,Hold
2024-06-13,2305.358,34,2349.0204999999996,2343.75196,45.23156421083788,0,Hold
2024-06-14,2332.184,35,2346.74195,2344.8637400000002,49.787647003579224,0,Hold
2024-06-17,2324.348,34,2342.2331,2344.7868,43.77569831060736,0,Hold
2024-06-18,2328.145,34,2337.9571,2344.4726,48.77886314412326,0,Hold
2024-06-20,2362.018,34,2335.3628,2344.68846,53.346533214655544,-1,Sell
2024-06-21,2321.755,34,2332.8323,2344.24706,49.12350544296433,0,Hold
2024-06-24,2323.985,35,2332.5068,2343.04466,46.17910923150429,0,Hold
2024-06-25,2317.125,34,2331.6928,2342.52146,46.45365706046748,0,Hold
2024-06-26,2298.858,34,2328.73345,2340.74226,37.03346996065435,0,Hold
2024-06-27,2321.638,35,2328.10195,2339.5429200000003,39.5220594826195,0,Hold
2024-06-28,2326.275,34,2327.2359500000002,2338.57372,58.34552399528632,0,Hold
2024-07-01,2325.888,37,2327.1806,2337.26678,55.97394547572486,0,Hold
2024-07-02,2331.598,36,2326.4816,2336.0928400000003,54.84548060218447,0,Hold
2024-07-03,2357.965,35,2327.52745,2337.20284,60.5043789217355,0,Hold
2024-07-05,2390.705,35,2328.6463,2338.4606400000002,68.34843253516092,0,Hold
2024-07-08,2367.548,35,2328.0194500000002,2339.5501,57.72463565512169,0,Hold
2024-07-09,2368.065,34,2331.7519500000003,2340.2201,59.8646117742627,0,Hold
2024-07-10,2378.648,35,2335.50795,2341.04816,61.057227055974714,0,Hold
2024-07-11,2408.658,36,2340.2451,2342.64024,60.38715769593953,0,Hold
2024-07-12,2410.534,36,2345.0649000000003,2345.1694199999997,73.84980738336881,0,Hold
2024-07-15,2428.518,35,2351.2228999999998,2347.35188,75.89052631578939,0,Hold
2024-07-16,2471.615,37,2358.19445,2350.73728,82.44061618062082,0,Hold
2024-07-17,2467.928,38,2365.37345,2354.07234,87.81785158277106,0,Hold
2024-07-18,2428.578,39,2370.3951,2356.1484,72.26970204329825,0,Hold
2024-07-19,2400.485,38,2372.31845,2357.8196000000003,64.07849505611668,0,Hold
2024-07-22,2398.185,36,2376.1399499999998,2359.5386000000003,63.61674156499204,0,Hold
2024-07-23,2416.375,38,2380.75945,2360.801,65.2503498818137,0,Hold
2024-07-24,2374.598,37,2383.6331,2361.08946,52.83490307164208,0,Hold
2024-07-25,2371.605,39,2387.27045,2361.6614,46.37727890021018,0,Hold
2024-07-26,2386.765,39,2390.5268,2362.1919399999997,53.758944045192635,0,Hold
2024-07-29,2385.638,48,2393.49495,2362.1328,53.4291858391192,0,Hold
2024-07-30,2416.325,53,2398.0168,2362.9042,56.817367577289524,0,Hold
2024-07-31,2442.598,53,2403.5667999999996,2363.46566,56.225375466811464,0,Hold
2024-08-01,2454.375,53,2408.3873,2364.27986,57.75960636471442,0,Hold
2024-08-02,2443.055,54,2411.0047999999997,2364.8628799999997,52.6351280312945,0,Hold
2024-08-05,2408.895,61,2413.07215,2365.59348,38.250016860626346,0,Hold
2024-08-06,2385.785,56,2413.9581499999995,2366.6992800000003,35.65523528117437,0,Hold
2024-08-07,2394.175,53,2414.7345,2367.91468,43.26374448321375,0,Hold
2024-08-08,2420.908,58,2415.347,2369.1719399999997,54.02032307468194,0,Hold
2024-08-09,2430.925,69,2416.3665499999997,2371.10508,56.25491949227022,0,Hold
2024-08-12,2463.318,56,2418.1065499999995,2373.49954,58.506724848414585,0,Hold
2024-08-13,2460.765,45,2417.56405,2376.17494,68.20227045159757,0,Hold
2024-08-14,2453.565,42,2416.8459,2378.33468,67.01120797011205,0,Hold
2024-08-15,2452.308,40,2418.0323999999996,2380.6398799999997,64.43697493799476,0,Hold
2024-08-16,2506.844,42,2423.35035,2383.4102000000003,71.6125903154711,0,Hold
2024-08-19,2501.665,40,2428.52435,2385.8418,66.74002934507132,0,Hold
2024-08-20,2517.275,42,2433.5693499999998,2390.319,65.28793989395456,0,Hold
2024-08-21,2502.268,40,2439.95285,2394.2938,59.67672196068127,0,Hold
2024-08-22,2493.075,38,2446.0263499999996,2397.877,60.194099568758155,0,Hold
2024-08-23,2512.235,38,2452.29985,2401.83894,72.43225173440757,0,Hold
2024-08-26,2508.955,42,2458.4656999999997,2405.9108800000004,79.25542022155906,0,Hold
2024-08-27,2515.755,37,2463.4372,2409.5823,79.09754066188626,0,Hold
2024-08-28,2516.475,37,2467.1310500000004,2413.42484,76.12476422186359,0,Hold
2024-08-29,2513.425,39,2470.0835500000003,2417.13044,73.44575930157201,0,Hold
2024-08-30,2502.925,38,2473.0770500000003,2419.94858,62.85565906066401,0,Hold
