Date,Gold Price,Gold,Signal,Action
2020-01-02,1538.715,87,1,Buy
2020-01-03,1551.515,87,0,Hold
2020-01-06,1559.165,91,0,Hold
2020-01-07,1593.105,86,0,Hold
2020-01-08,1558.325,88,0,Hold
2020-01-09,1547.035,82,0,Hold
2020-01-10,1561.785,81,0,Hold
2020-01-13,1538.875,82,0,Hold
2020-01-14,1551.965,80,0,Hold
2020-01-15,1555.735,84,0,Hold
2020-01-16,1555.588,84,0,Hold
2020-01-17,1556.945,79,0,Hold
2020-01-21,1552.935,79,0,Hold
2020-01-22,1558.795,77,0,Hold
2020-01-23,1559.675,77,0,Hold
2020-01-24,1571.455,80,0,Hold
2020-01-27,1579.555,80,0,Hold
2020-01-28,1565.385,78,0,Hold
2020-01-29,1578.938,79,0,Hold
2020-01-30,1571.655,79,0,Hold
2020-01-31,1589.325,82,0,Hold
2020-02-03,1575.105,77,0,Hold
2020-02-04,1557.155,82,0,Hold
2020-02-05,1553.068,77,0,Hold
2020-02-06,1565.688,80,0,Hold
2020-02-07,1570.198,79,0,Hold
2020-02-10,1568.705,83,0,Hold
2020-02-11,1567.135,78,0,Hold
2020-02-12,1573.708,78,0,Hold
2020-02-13,1574.595,79,0,Hold
2020-02-14,1583.648,78,0,Hold
2020-02-18,1601.805,82,0,Hold
2020-02-19,1609.465,80,0,Hold
2020-02-20,1625.995,84,0,Hold
2020-02-21,1643.148,88,0,Hold
2020-02-24,1655.535,100,0,Hold
2020-02-25,1641.465,92,0,Hold
2020-02-26,1652.258,85,0,Hold
2020-02-27,1638.795,88,0,Hold
2020-02-28,1585.435,94,0,Hold
2020-03-02,1600.058,86,0,Hold
2020-03-03,1643.018,81,0,Hold
2020-03-04,1639.648,83,0,Hold
2020-03-05,1678.358,84,0,Hold
2020-03-06,1673.548,88,0,Hold
2020-03-09,1666.585,100,0,Hold
2020-03-10,1658.785,83,0,Hold
2020-03-11,1636.898,79,0,Hold
2020-03-12,1559.975,85,0,Hold
2020-03-13,1529.348,88,0,Hold
2020-03-16,1500.768,87,0,Hold
2020-03-17,1532.278,82,0,Hold
2020-03-18,1469.278,82,0,Hold
2020-03-19,1483.678,79,0,Hold
2020-03-20,1498.698,76,0,Hold
2020-03-23,1571.548,75,0,Hold
2020-03-24,1614.798,84,0,Hold
2020-03-25,1605.035,80,0,Hold
2020-03-26,1624.998,80,0,Hold
2020-03-27,1626.148,82,0,Hold
2020-03-30,1613.925,78,0,Hold
2020-03-31,1584.328,72,0,Hold
2020-04-01,1585.288,74,0,Hold
2020-04-02,1613.098,71,0,Hold
2020-04-03,1617.048,72,-1,Sell
2020-04-06,1659.578,74,1,Buy
2020-04-07,1648.238,73,0,Hold
2020-04-08,1648.658,74,0,Hold
2020-04-09,1682.148,76,0,Hold
2020-04-10,1682.148,83,0,Hold
2020-04-13,1720.108,77,0,Hold
2020-04-14,1720.698,79,0,Hold
2020-04-15,1714.308,79,0,Hold
2020-04-16,1705.148,82,0,Hold
2020-04-17,1681.998,84,0,Hold
2020-04-20,1688.808,78,0,Hold
2020-04-21,1682.898,83,0,Hold
2020-04-22,1710.048,87,0,Hold
2020-04-23,1723.418,84,0,Hold
2020-04-24,1727.698,82,0,Hold
2020-04-27,1698.178,85,0,Hold
2020-04-28,1710.068,81,0,Hold
2020-04-29,1712.458,84,0,Hold
2020-04-30,1688.073,82,0,Hold
2020-05-01,1698.818,90,0,Hold
2020-05-04,1698.198,82,0,Hold
2020-05-05,1702.315,85,0,Hold
2020-05-06,1691.688,80,0,Hold
2020-05-07,1715.448,83,0,Hold
2020-05-08,1701.408,82,0,Hold
2020-05-11,1700.375,82,0,Hold
2020-05-12,1702.808,86,0,Hold
2020-05-13,1713.428,86,0,Hold
2020-05-14,1732.058,86,0,Hold
2020-05-15,1741.628,88,0,Hold
2020-05-18,1736.668,89,0,Hold
2020-05-19,1749.188,85,0,Hold
2020-05-20,1741.338,87,0,Hold
2020-05-21,1727.375,86,0,Hold
2020-05-22,1733.648,85,0,Hold
2020-05-26,1708.428,81,0,Hold
2020-05-27,1714.308,81,0,Hold
2020-05-28,1719.908,78,0,Hold
2020-05-29,1728.695,80,0,Hold
2020-06-01,1739.268,70,0,Hold
2020-06-02,1725.098,66,0,Hold
2020-06-03,1702.938,70,0,Hold
2020-06-04,1708.448,68,-1,Sell
2020-06-05,1684.758,71,1,Buy
2020-06-08,1695.255,71,0,Hold
2020-06-09,1715.055,74,0,Hold
2020-06-10,1731.405,75,0,Hold
2020-06-11,1726.045,78,0,Hold
2020-06-12,1729.728,70,0,Hold
2020-06-15,1728.515,72,0,Hold
2020-06-16,1726.325,74,0,Hold
2020-06-17,1725.858,75,0,Hold
2020-06-18,1725.778,71,0,Hold
2020-06-19,1743.268,73,0,Hold
2020-06-22,1751.388,72,0,Hold
2020-06-23,1767.768,75,0,Hold
2020-06-24,1763.695,75,0,Hold
2020-06-25,1760.638,74,0,Hold
2020-06-26,1770.898,73,0,Hold
2020-06-29,1770.598,73,0,Hold
2020-06-30,1783.728,72,-1,Sell
2020-07-01,1768.785,73,1,Buy
2020-07-02,1775.508,75,0,Hold
2020-07-06,1784.425,75,0,Hold
2020-07-07,1794.245,76,0,Hold
2020-07-08,1809.295,81,0,Hold
2020-07-09,1801.155,79,0,Hold
2020-07-10,1798.088,78,0,Hold
2020-07-13,1797.548,75,0,Hold
2020-07-14,1808.875,73,0,Hold
2020-07-15,1809.718,73,0,Hold
2020-07-16,1798.965,77,0,Hold
2020-07-17,1809.248,81,0,Hold
2020-07-20,1819.648,81,0,Hold
2020-07-21,1857.048,81,0,Hold
2020-07-22,1868.385,82,0,Hold
2020-07-23,1889.798,82,0,Hold
2020-07-24,1901.098,94,0,Hold
2020-07-27,1943.548,97,0,Hold
2020-07-28,1952.848,100,0,Hold
2020-07-29,1964.945,97,0,Hold
2020-07-30,1969.265,90,0,Hold
2020-07-31,1975.568,87,0,Hold
2020-08-03,1973.845,84,0,Hold
2020-08-04,2013.085,92,0,Hold
2020-08-05,2042.985,94,0,Hold
2020-08-06,2056.418,91,0,Hold
2020-08-07,2034.298,92,0,Hold
2020-08-10,2020.235,87,0,Hold
2020-08-11,1885.078,89,0,Hold
2020-08-12,1935.208,83,0,Hold
2020-08-13,1948.648,82,0,Hold
2020-08-14,1943.998,79,0,Hold
2020-08-17,1990.755,86,0,Hold
2020-08-18,1993.935,81,0,Hold
2020-08-19,1949.475,81,0,Hold
2020-08-20,1949.745,79,0,Hold
2020-08-21,1939.618,76,0,Hold
2020-08-24,1936.068,74,0,Hold
2020-08-25,1925.538,75,0,Hold
2020-08-26,1942.548,74,0,Hold
2020-08-27,1940.688,73,0,Hold
2020-08-28,1964.428,73,0,Hold
2020-08-31,1983.985,75,0,Hold
2020-09-01,1964.755,72,0,Hold
2020-09-02,1945.625,76,0,Hold
2020-09-03,1936.428,75,0,Hold
2020-09-04,1933.298,75,0,Hold
2020-09-08,1930.085,71,0,Hold
2020-09-09,1946.605,72,0,Hold
2020-09-10,1940.435,72,0,Hold
2020-09-11,1938.928,68,-1,Sell
2020-09-14,1964.578,70,0,Hold
2020-09-15,1959.308,69,0,Hold
2020-09-16,1939.478,69,0,Hold
2020-09-17,1951.835,74,1,Buy
2020-09-18,1949.718,70,0,Hold
2020-09-21,1911.518,74,0,Hold
2020-09-22,1892.958,72,0,Hold
2020-09-23,1855.975,74,-1,Sell
2020-09-24,1869.008,75,1,Buy
2020-09-25,1860.998,73,0,Hold
2020-09-28,1882.808,72,0,Hold
2020-09-29,1889.178,73,0,Hold
2020-09-30,1892.298,71,-1,Sell
2020-10-01,1894.425,72,1,Buy
2020-10-02,1898.868,70,0,Hold
2020-10-05,1911.905,69,0,Hold
2020-10-06,1882.758,74,0,Hold
2020-10-07,1885.198,70,-1,Sell
2020-10-08,1910.768,67,0,Hold
2020-10-09,1929.618,75,1,Buy
2020-10-13,1895.948,73,0,Hold
2020-10-14,1898.148,70,0,Hold
2020-10-15,1905.818,70,0,Hold
2020-10-16,1898.968,74,-1,Sell
2020-10-19,1900.908,71,1,Buy
2020-10-20,1917.608,72,0,Hold
2020-10-21,1913.638,74,0,Hold
2020-10-22,1906.328,74,0,Hold
2020-10-23,1901.258,74,-1,Sell
2020-10-26,1907.518,68,0,Hold
2020-10-27,1906.625,71,1,Buy
2020-10-28,1881.685,72,0,Hold
2020-10-29,1876.068,74,0,Hold
2020-10-30,1878.438,70,0,Hold
2020-11-02,1891.615,70,-1,Sell
2020-11-03,1898.755,65,0,Hold
2020-11-04,1906.158,46,0,Hold
2020-11-05,1936.778,56,0,Hold
2020-11-06,1950.298,59,0,Hold
2020-11-09,1883.518,75,1,Buy
2020-11-10,1879.908,71,0,Hold
2020-11-12,1877.178,73,0,Hold
2020-11-13,1888.288,78,0,Hold
2020-11-16,1888.398,79,0,Hold
2020-11-17,1879.358,76,0,Hold
2020-11-18,1866.778,77,0,Hold
2020-11-19,1867.525,78,0,Hold
2020-11-20,1870.318,75,0,Hold
2020-11-23,1824.355,81,0,Hold
2020-11-24,1804.528,81,0,Hold
2020-11-25,1810.578,84,0,Hold
2020-11-27,1786.648,89,0,Hold
2020-11-30,1784.138,82,0,Hold
2020-12-01,1809.388,82,0,Hold
2020-12-02,1835.885,85,0,Hold
2020-12-03,1840.638,85,0,Hold
2020-12-04,1838.208,84,0,Hold
2020-12-07,1870.018,83,0,Hold
2020-12-08,1860.385,78,0,Hold
2020-12-09,1840.058,81,0,Hold
2020-12-10,1837.408,77,0,Hold
2020-12-11,1838.998,78,0,Hold
2020-12-14,1835.695,79,0,Hold
2020-12-15,1856.815,77,0,Hold
2020-12-16,1868.265,80,0,Hold
2020-12-17,1884.695,79,0,Hold
2020-12-18,1880.838,83,0,Hold
2020-12-21,1880.605,71,0,Hold
2020-12-22,1866.758,78,0,Hold
2020-12-23,1875.198,79,0,Hold
2020-12-24,1879.125,78,0,Hold
2020-12-28,1877.115,83,0,Hold
2020-12-29,1885.368,80,0,Hold
2020-12-30,1888.725,78,0,Hold
2020-12-31,1897.765,78,0,Hold
2021-01-04,1939.555,83,0,Hold
2021-01-05,1944.518,85,0,Hold
2021-01-06,1917.668,80,0,Hold
2021-01-07,1909.208,79,0,Hold
2021-01-08,1848.508,89,0,Hold
2021-01-11,1850.655,82,0,Hold
2021-01-12,1859.598,80,0,Hold
2021-01-13,1840.145,85,0,Hold
2021-01-14,1853.178,81,0,Hold
2021-01-15,1827.478,84,0,Hold
2021-01-19,1849.418,87,0,Hold
2021-01-20,1870.858,86,0,Hold
2021-01-21,1863.855,86,0,Hold
2021-01-22,1855.198,88,0,Hold
2021-01-25,1856.325,81,0,Hold
2021-01-26,1847.325,85,0,Hold
2021-01-27,1837.055,85,0,Hold
2021-01-28,1842.708,88,0,Hold
2021-01-29,1847.048,88,0,Hold
2021-02-01,1853.985,97,0,Hold
2021-02-02,1840.458,84,0,Hold
2021-02-03,1822.215,88,0,Hold
2021-02-04,1795.158,90,0,Hold
2021-02-05,1814.048,87,0,Hold
2021-02-08,1841.095,83,0,Hold
2021-02-09,1843.815,84,0,Hold
2021-02-10,1835.622,83,0,Hold
2021-02-11,1822.382,84,0,Hold
2021-02-12,1823.648,83,0,Hold
2021-02-16,1792.855,81,0,Hold
2021-02-17,1782.605,84,0,Hold
2021-02-18,1767.745,82,0,Hold
2021-02-19,1783.398,85,0,Hold
2021-02-22,1812.565,88,0,Hold
2021-02-23,1809.105,81,0,Hold
2021-02-24,1797.875,84,0,Hold
2021-02-25,1767.815,82,0,Hold
2021-02-26,1733.188,85,0,Hold
2021-03-01,1713.306,87,0,Hold
2021-03-02,1735.135,82,0,Hold
2021-03-03,1714.935,88,0,Hold
2021-03-04,1691.995,86,0,Hold
2021-03-05,1699.398,87,0,Hold
2021-03-08,1687.475,85,0,Hold
2021-03-09,1712.974,84,0,Hold
2021-03-10,1732.118,81,0,Hold
2021-03-11,1718.758,83,0,Hold
2021-03-12,1726.958,82,0,Hold
2021-03-15,1733.479,77,0,Hold
2021-03-16,1735.778,87,0,Hold
2021-03-17,1748.878,93,0,Hold
2021-03-18,1731.604,87,0,Hold
2021-03-19,1744.858,89,0,Hold
2021-03-22,1735.585,84,0,Hold
2021-03-23,1731.608,80,0,Hold
2021-03-24,1735.248,84,0,Hold
2021-03-25,1724.815,81,0,Hold
2021-03-26,1731.808,81,0,Hold
2021-03-29,1707.305,78,0,Hold
2021-03-30,1679.385,79,0,Hold
2021-03-31,1712.728,82,0,Hold
2021-04-01,1728.805,80,0,Hold
2021-04-02,1728.805,81,0,Hold
2021-04-05,1733.348,79,0,Hold
2021-04-06,1738.145,77,0,Hold
2021-04-07,1738.538,79,0,Hold
2021-04-08,1753.058,80,0,Hold
2021-04-09,1743.028,81,0,Hold
2021-04-12,1731.665,84,0,Hold
2021-04-13,1743.818,79,0,Hold
2021-04-14,1738.338,81,0,Hold
2021-04-15,1763.105,83,0,Hold
2021-04-16,1775.748,81,0,Hold
2021-04-19,1773.168,81,0,Hold
2021-04-20,1781.948,77,0,Hold
2021-04-21,1793.298,78,0,Hold
2021-04-22,1785.938,85,0,Hold
2021-04-23,1776.818,78,0,Hold
2021-04-26,1779.728,82,0,Hold
2021-04-27,1771.758,86,0,Hold
2021-04-28,1784.468,81,0,Hold
2021-04-29,1766.208,82,0,Hold
2021-04-30,1768.428,77,0,Hold
2021-05-03,1789.635,84,0,Hold
2021-05-04,1782.615,81,0,Hold
2021-05-05,1789.668,82,0,Hold
2021-05-06,1820.428,84,0,Hold
2021-05-07,1830.618,82,0,Hold
2021-05-10,1834.668,78,0,Hold
2021-05-11,1826.968,85,0,Hold
2021-05-12,1817.226,85,0,Hold
2021-05-13,1822.378,85,0,Hold
2021-05-14,1842.688,86,0,Hold
2021-05-17,1868.078,86,0,Hold
2021-05-18,1868.595,82,0,Hold
2021-05-19,1875.678,85,0,Hold
2021-05-20,1874.368,83,0,Hold
2021-05-21,1880.898,86,0,Hold
2021-05-24,1879.148,82,0,Hold
2021-05-25,1905.248,81,0,Hold
2021-05-26,1896.458,82,0,Hold
2021-05-27,1893.625,80,0,Hold
2021-05-28,1902.648,82,0,Hold
2021-06-01,1897.865,82,0,Hold
2021-06-02,1904.928,45,0,Hold
2021-06-03,1869.998,44,0,Hold
2021-06-04,1890.708,47,0,Hold
2021-06-07,1895.868,46,-1,Sell
2021-06-08,1894.358,46,0,Hold
2021-06-09,1887.178,45,0,Hold
2021-06-10,1899.0,44,0,Hold
2021-06-11,1877.048,45,0,Hold
2021-06-14,1863.508,46,0,Hold
2021-06-15,1857.775,46,0,Hold
2021-06-16,1822.238,47,0,Hold
2021-06-17,1785.718,47,0,Hold
2021-06-21,1788.838,45,0,Hold
2021-06-22,1781.498,46,0,Hold
2021-06-23,1775.798,47,0,Hold
2021-06-24,1777.638,44,0,Hold
2021-06-25,1780.938,43,0,Hold
2021-06-28,1775.038,44,0,Hold
2021-06-29,1761.008,42,0,Hold
2021-06-30,1775.885,46,0,Hold
2021-07-01,1778.738,46,0,Hold
2021-07-02,1786.978,46,0,Hold
2021-07-06,1800.918,45,0,Hold
2021-07-07,1797.368,44,0,Hold
2021-07-08,1805.118,45,0,Hold
2021-07-09,1807.838,47,0,Hold
2021-07-12,1809.308,60,0,Hold
2021-07-13,1812.498,53,0,Hold
2021-07-14,1825.478,57,0,Hold
2021-07-15,1827.318,56,0,Hold
2021-07-16,1811.548,58,0,Hold
2021-07-19,1817.208,65,0,Hold
2021-07-20,1808.525,54,0,Hold
2021-07-21,1798.438,57,0,Hold
2021-07-22,1803.008,49,0,Hold
2021-07-23,1801.698,48,0,Hold
2021-07-26,1799.198,76,1,Buy
2021-07-27,1806.158,72,0,Hold
2021-07-28,1814.908,68,0,Hold
2021-07-29,1828.465,78,0,Hold
2021-07-30,1813.398,87,0,Hold
2021-08-02,1810.725,100,0,Hold
2021-08-03,1813.017,64,0,Hold
2021-08-04,1810.948,63,0,Hold
2021-08-05,1800.978,62,0,Hold
2021-08-06,1762.568,68,-1,Sell
2021-08-09,1737.225,61,0,Hold
2021-08-10,1733.738,50,0,Hold
2021-08-11,1750.528,47,0,Hold
2021-08-12,1755.078,44,0,Hold
2021-08-13,1779.218,46,0,Hold
2021-08-16,1785.828,50,0,Hold
2021-08-17,1790.178,45,0,Hold
2021-08-18,1779.898,48,0,Hold
2021-08-19,1785.148,45,0,Hold
2021-08-20,1780.458,46,0,Hold
2021-08-23,1801.168,45,0,Hold
2021-08-24,1794.768,42,0,Hold
2021-08-25,1787.758,45,0,Hold
2021-08-26,1798.058,43,0,Hold
2021-08-27,1816.158,45,0,Hold
2021-08-30,1815.768,44,0,Hold
2021-08-31,1815.178,43,0,Hold
2021-09-01,1811.078,44,0,Hold
2021-09-02,1812.448,42,0,Hold
2021-09-03,1827.288,42,0,Hold
2021-09-07,1797.988,42,0,Hold
2021-09-08,1788.188,45,0,Hold
2021-09-09,1798.058,43,0,Hold
2021-09-10,1787.048,44,0,Hold
2021-09-13,1790.985,46,0,Hold
2021-09-14,1803.404,46,0,Hold
2021-09-15,1791.278,46,0,Hold
2021-09-16,1757.914,46,0,Hold
2021-09-17,1753.488,49,0,Hold
2021-09-20,1761.824,47,0,Hold
2021-09-21,1777.514,45,0,Hold
2021-09-22,1764.088,48,0,Hold
2021-09-23,1752.178,47,0,Hold
2021-09-24,1749.878,47,0,Hold
2021-09-27,1749.714,46,0,Hold
2021-09-28,1740.455,48,0,Hold
2021-09-29,1732.858,49,0,Hold
2021-09-30,1753.918,45,0,Hold
2021-10-01,1760.098,49,0,Hold
2021-10-04,1759.848,46,0,Hold
2021-10-05,1755.468,46,0,Hold
2021-10-06,1760.025,48,0,Hold
2021-10-07,1759.188,47,0,Hold
2021-10-08,1756.608,48,0,Hold
2021-10-12,1761.948,48,0,Hold
2021-10-13,1788.538,47,0,Hold
2021-10-14,1794.988,47,0,Hold
2021-10-15,1766.658,48,0,Hold
2021-10-18,1774.664,46,0,Hold
2021-10-19,1773.978,46,0,Hold
2021-10-20,1786.286,49,0,Hold
2021-10-21,1787.008,52,0,Hold
2021-10-22,1791.628,48,0,Hold
2021-10-25,1803.134,56,0,Hold
2021-10-26,1789.048,56,0,Hold
2021-10-27,1798.678,54,0,Hold
2021-10-28,1796.848,52,0,Hold
2021-10-29,1782.988,51,0,Hold
2021-11-01,1791.068,50,0,Hold
2021-11-02,1783.118,49,0,Hold
2021-11-03,1775.004,43,0,Hold
2021-11-04,1792.764,46,0,Hold
2021-11-05,1817.588,46,0,Hold
2021-11-08,1823.518,53,0,Hold
2021-11-09,1826.373,48,0,Hold
2021-11-10,1849.138,48,0,Hold
2021-11-12,1864.448,50,0,Hold
2021-11-15,1865.564,50,0,Hold
2021-11-16,1854.054,49,0,Hold
2021-11-17,1865.944,49,0,Hold
2021-11-18,1862.518,46,0,Hold
2021-11-19,1845.175,46,0,Hold
2021-11-22,1807.719,51,0,Hold
2021-11-23,1793.558,50,0,Hold
2021-11-24,1791.778,50,0,Hold
2021-11-26,1792.665,56,0,Hold
2021-11-29,1788.508,53,0,Hold
2021-11-30,1779.348,52,0,Hold
2021-12-01,1776.575,51,0,Hold
2021-12-02,1772.198,50,0,Hold
2021-12-03,1782.788,51,0,Hold
2021-12-06,1777.685,52,0,Hold
2021-12-07,1789.238,50,0,Hold
2021-12-08,1785.775,55,0,Hold
2021-12-09,1777.955,47,0,Hold
2021-12-10,1782.288,49,0,Hold
2021-12-13,1785.775,49,0,Hold
2021-12-14,1770.608,48,0,Hold
2021-12-15,1781.755,49,0,Hold
2021-12-16,1802.575,48,0,Hold
2021-12-17,1797.708,49,0,Hold
2021-12-20,1792.008,48,0,Hold
2021-12-21,1788.635,48,0,Hold
2021-12-22,1806.325,46,0,Hold
2021-12-23,1808.355,48,0,Hold
2021-12-27,1809.908,49,0,Hold
2021-12-28,1805.705,47,0,Hold
2021-12-29,1800.598,46,0,Hold
2021-12-30,1817.388,46,0,Hold
2022-01-03,1803.318,76,1,Buy
2022-01-04,1814.888,84,0,Hold
2022-01-05,1805.278,76,0,Hold
2022-01-06,1792.478,62,0,Hold
2022-01-07,1795.808,79,0,Hold
2022-01-10,1806.628,71,0,Hold
2022-01-11,1818.068,75,0,Hold
2022-01-12,1825.838,72,0,Hold
2022-01-13,1825.874,80,0,Hold
2022-01-14,1817.418,62,0,Hold
2022-01-18,1811.648,66,0,Hold
2022-01-19,1839.728,68,0,Hold
2022-01-20,1841.328,71,-1,Sell
2022-01-21,1834.328,72,1,Buy
2022-01-24,1841.868,93,0,Hold
2022-01-25,1847.298,70,0,Hold
2022-01-26,1815.688,68,0,Hold
2022-01-27,1798.448,67,0,Hold
2022-01-28,1791.028,76,0,Hold
2022-01-31,1799.318,73,0,Hold
2022-02-01,1797.425,73,0,Hold
2022-02-02,1806.438,74,0,Hold
2022-02-03,1806.455,77,0,Hold
2022-02-04,1807.558,78,0,Hold
2022-02-07,1821.298,83,0,Hold
2022-02-08,1827.158,86,0,Hold
2022-02-09,1833.988,92,0,Hold
2022-02-10,1824.088,82,0,Hold
2022-02-11,1857.898,99,0,Hold
2022-02-14,1877.278,83,0,Hold
2022-02-15,1852.768,87,0,Hold
2022-02-16,1873.805,84,0,Hold
2022-02-17,1890.318,92,0,Hold
2022-02-18,1897.768,88,0,Hold
2022-02-22,1896.868,86,0,Hold
2022-02-23,1935.533,81,0,Hold
2022-02-24,1912.048,90,0,Hold
2022-02-25,1888.528,83,0,Hold
2022-02-28,1905.398,88,0,Hold
2022-03-01,1936.213,83,0,Hold
2022-03-02,1924.461,83,0,Hold
2022-03-03,1938.956,80,0,Hold
2022-03-04,1969.848,83,0,Hold
2022-03-07,1991.088,94,0,Hold
2022-03-08,2051.518,94,0,Hold
2022-03-09,1977.648,92,0,Hold
2022-03-10,1987.888,88,0,Hold
2022-03-11,1988.248,86,0,Hold
2022-03-14,1942.088,84,0,Hold
2022-03-15,1917.938,85,0,Hold
2022-03-16,1936.228,85,0,Hold
2022-03-17,1935.008,84,0,Hold
2022-03-18,1921.198,81,0,Hold
2022-03-21,1936.558,80,0,Hold
2022-03-22,1921.718,80,0,Hold
2022-03-23,1938.733,81,0,Hold
2022-03-24,1960.741,82,0,Hold
2022-03-25,1957.688,80,0,Hold
2022-03-28,1925.063,78,0,Hold
2022-03-29,1923.513,77,0,Hold
2022-03-30,1924.978,81,0,Hold
2022-03-31,1938.053,82,0,Hold
2022-04-01,1924.778,79,0,Hold
2022-04-04,1928.488,77,0,Hold
2022-04-05,1923.768,78,0,Hold
2022-04-06,1922.177,76,0,Hold
2022-04-07,1930.772,75,0,Hold
2022-04-08,1947.138,83,0,Hold
2022-04-11,1958.908,73,0,Hold
2022-04-12,1969.738,79,0,Hold
2022-04-13,1973.544,74,0,Hold
2022-04-14,1973.218,76,0,Hold
2022-04-15,1973.218,78,0,Hold
2022-04-18,1978.562,78,0,Hold
2022-04-19,1943.928,78,0,Hold
2022-04-20,1951.268,74,0,Hold
2022-04-21,1950.338,76,0,Hold
2022-04-22,1930.708,77,0,Hold
2022-04-25,1902.173,76,0,Hold
2022-04-26,1899.013,77,0,Hold
2022-04-27,1878.828,79,0,Hold
2022-04-28,1904.228,77,0,Hold
2022-04-29,1895.748,79,0,Hold
2022-05-02,1862.493,76,0,Hold
2022-05-03,1864.578,78,0,Hold
2022-05-04,1901.103,75,0,Hold
2022-05-05,1876.794,74,0,Hold
2022-05-06,1883.148,76,0,Hold
2022-05-09,1864.208,76,0,Hold
2022-05-10,1836.338,75,0,Hold
2022-05-11,1852.908,79,0,Hold
2022-05-12,1824.778,76,0,Hold
2022-05-13,1810.678,74,0,Hold
2022-05-16,1822.558,73,0,Hold
2022-05-17,1808.358,71,0,Hold
2022-05-18,1815.938,72,-1,Sell
2022-05-19,1841.438,74,1,Buy
2022-05-20,1845.738,76,0,Hold
2022-05-23,1855.608,75,0,Hold
2022-05-24,1862.448,74,0,Hold
2022-05-25,1850.688,70,0,Hold
2022-05-26,1854.428,70,0,Hold
2022-05-27,1852.838,70,-1,Sell
2022-05-31,1836.593,73,1,Buy
2022-06-01,1844.693,70,0,Hold
2022-06-02,1868.848,76,0,Hold
2022-06-03,1850.338,85,0,Hold
2022-06-06,1840.058,77,0,Hold
2022-06-07,1846.654,81,0,Hold
2022-06-08,1854.953,82,0,Hold
2022-06-09,1844.698,80,0,Hold
2022-06-10,1871.038,84,0,Hold
2022-06-13,1825.318,87,0,Hold
2022-06-14,1815.518,89,0,Hold
2022-06-15,1832.598,87,0,Hold
2022-06-16,1842.063,83,0,Hold
2022-06-17,1838.778,84,0,Hold
2022-06-21,1827.483,83,0,Hold
2022-06-22,1832.648,83,0,Hold
2022-06-23,1825.088,81,0,Hold
2022-06-24,1825.858,79,0,Hold
2022-06-27,1825.883,82,0,Hold
2022-06-28,1820.623,81,0,Hold
2022-06-29,1817.238,83,0,Hold
2022-06-30,1801.324,80,0,Hold
2022-07-01,1810.598,82,0,Hold
2022-07-05,1769.164,83,0,Hold
2022-07-06,1745.698,85,0,Hold
2022-07-07,1742.284,85,0,Hold
2022-07-08,1741.838,83,0,Hold
2022-07-11,1733.294,85,0,Hold
2022-07-12,1727.078,87,0,Hold
2022-07-13,1731.854,86,0,Hold
2022-07-14,1708.404,88,0,Hold
2022-07-15,1707.798,87,0,Hold
2022-07-18,1709.324,86,0,Hold
2022-07-19,1711.988,85,0,Hold
2022-07-20,1691.478,83,0,Hold
2022-07-21,1713.578,87,0,Hold
2022-07-22,1726.618,87,0,Hold
2022-07-25,1723.898,89,0,Hold
2022-07-26,1716.628,86,0,Hold
2022-07-27,1736.778,84,0,Hold
2022-07-28,1762.794,86,0,Hold
2022-07-29,1765.698,84,0,Hold
2022-08-01,1774.519,84,0,Hold
2022-08-02,1768.817,85,0,Hold
2022-08-03,1770.614,83,0,Hold
2022-08-04,1792.018,84,0,Hold
2022-08-05,1774.718,83,0,Hold
2022-08-08,1785.598,89,0,Hold
2022-08-09,1791.154,85,0,Hold
2022-08-10,1785.684,81,0,Hold
2022-08-11,1791.014,84,0,Hold
2022-08-12,1801.778,87,0,Hold
2022-08-15,1781.194,87,0,Hold
2022-08-16,1775.718,80,0,Hold
2022-08-17,1762.214,84,0,Hold
2022-08-18,1754.088,82,0,Hold
2022-08-19,1746.498,83,0,Hold
2022-08-22,1738.324,87,0,Hold
2022-08-23,1745.308,82,0,Hold
2022-08-24,1756.294,77,0,Hold
2022-08-25,1757.308,80,0,Hold
2022-08-26,1737.338,85,0,Hold
2022-08-29,1734.864,83,0,Hold
2022-08-30,1723.918,85,0,Hold
2022-08-31,1704.514,82,0,Hold
2022-09-01,1699.424,83,0,Hold
2022-09-02,1711.278,83,0,Hold
2022-09-06,1693.284,81,0,Hold
2022-09-07,1714.358,81,0,Hold
2022-09-08,1719.188,73,0,Hold
2022-09-09,1715.938,72,0,Hold
2022-09-12,1721.208,83,0,Hold
2022-09-13,1700.294,78,0,Hold
2022-09-14,1692.604,84,0,Hold
2022-09-15,1664.288,86,0,Hold
2022-09-16,1673.898,85,0,Hold
2022-09-19,1676.865,84,0,Hold
2022-09-20,1663.635,83,0,Hold
2022-09-21,1660.395,80,0,Hold
2022-09-22,1669.025,81,0,Hold
2022-09-23,1643.598,84,0,Hold
2022-09-26,1631.058,82,0,Hold
2022-09-27,1624.503,78,0,Hold
2022-09-28,1654.285,75,0,Hold
2022-09-29,1662.098,79,0,Hold
2022-09-30,1659.978,81,0,Hold
2022-10-03,1699.718,82,0,Hold
2022-10-04,1719.224,83,0,Hold
2022-10-05,1722.075,81,0,Hold
2022-10-06,1709.732,82,0,Hold
2022-10-07,1694.458,82,0,Hold
2022-10-11,1665.208,80,0,Hold
2022-10-12,1669.148,82,0,Hold
2022-10-13,1668.928,83,0,Hold
2022-10-14,1643.618,84,0,Hold
2022-10-17,1652.358,83,0,Hold
2022-10-18,1649.098,84,0,Hold
2022-10-19,1626.067,84,0,Hold
2022-10-20,1621.498,76,0,Hold
2022-10-21,1657.298,82,0,Hold
2022-10-24,1651.468,81,0,Hold
2022-10-25,1656.868,80,0,Hold
2022-10-26,1664.448,85,0,Hold
2022-10-27,1664.648,81,0,Hold
2022-10-28,1644.498,73,0,Hold
2022-10-31,1637.357,77,0,Hold
2022-11-01,1650.597,78,0,Hold
2022-11-02,1637.467,83,0,Hold
2022-11-03,1639.058,81,0,Hold
2022-11-04,1681.148,84,0,Hold
2022-11-07,1669.978,86,0,Hold
2022-11-08,1708.297,79,0,Hold
2022-11-09,1709.548,74,0,Hold
2022-11-10,1752.767,84,0,Hold
2022-11-14,1770.845,84,0,Hold
2022-11-15,1771.788,80,0,Hold
2022-11-16,1762.248,82,0,Hold
2022-11-17,1762.408,83,0,Hold
2022-11-18,1750.398,85,0,Hold
2022-11-21,1744.948,86,0,Hold
2022-11-22,1734.788,79,0,Hold
2022-11-23,1755.558,83,0,Hold
2022-11-25,1754.417,99,0,Hold
2022-11-28,1753.688,92,0,Hold
2022-11-29,1754.168,86,0,Hold
2022-11-30,1779.428,85,0,Hold
2022-12-01,1797.298,91,0,Hold
2022-12-02,1797.248,88,0,Hold
2022-12-05,1772.358,92,0,Hold
2022-12-06,1770.748,86,0,Hold
2022-12-07,1783.298,92,0,Hold
2022-12-08,1796.358,88,0,Hold
2022-12-09,1795.397,89,0,Hold
2022-12-12,1782.485,93,0,Hold
2022-12-13,1808.915,87,0,Hold
2022-12-14,1790.975,91,0,Hold
2022-12-15,1778.805,86,0,Hold
2022-12-16,1792.598,91,0,Hold
2022-12-19,1790.245,91,0,Hold
2022-12-20,1813.955,90,0,Hold
2022-12-21,1820.005,87,0,Hold
2022-12-22,1794.715,85,0,Hold
2022-12-23,1798.198,87,0,Hold
2022-12-27,1811.648,95,0,Hold
2022-12-28,1808.755,93,0,Hold
2022-12-29,1815.745,92,0,Hold
2022-12-30,1823.463,91,0,Hold
2023-01-03,1846.457,77,0,Hold
2023-01-04,1851.898,82,0,Hold
2023-01-05,1837.925,81,0,Hold
2023-01-06,1865.598,81,0,Hold
2023-01-09,1871.245,82,0,Hold
2023-01-10,1877.785,79,0,Hold
2023-01-11,1884.248,80,0,Hold
2023-01-12,1895.795,82,0,Hold
2023-01-13,1919.398,81,0,Hold
2023-01-17,1899.475,82,0,Hold
2023-01-18,1909.655,79,0,Hold
2023-01-19,1923.638,85,0,Hold
2023-01-20,1925.298,81,0,Hold
2023-01-23,1932.618,79,0,Hold
2023-01-24,1928.357,83,0,Hold
2023-01-25,1946.585,79,0,Hold
2023-01-26,1921.535,82,0,Hold
2023-01-27,1927.598,84,0,Hold
2023-01-30,1920.095,80,0,Hold
2023-01-31,1925.588,79,0,Hold
2023-02-01,1953.288,82,0,Hold
2023-02-02,1915.935,81,0,Hold
2023-02-03,1864.548,85,0,Hold
2023-02-06,1873.025,81,0,Hold
2023-02-07,1876.905,83,0,Hold
2023-02-08,1879.375,79,0,Hold
2023-02-09,1853.825,82,0,Hold
2023-02-10,1864.698,81,0,Hold
2023-02-13,1858.058,74,0,Hold
2023-02-14,1847.715,78,0,Hold
2023-02-15,1839.248,78,0,Hold
2023-02-16,1826.665,79,0,Hold
2023-02-17,1841.898,82,0,Hold
2023-02-21,1836.425,76,0,Hold
2023-02-22,1829.785,77,0,Hold
2023-02-23,1825.425,76,0,Hold
2023-02-24,1810.665,79,0,Hold
2023-02-27,1814.385,80,0,Hold
2023-02-28,1829.995,77,0,Hold
2023-03-01,1834.305,79,0,Hold
2023-03-02,1838.345,76,0,Hold
2023-03-03,1855.798,78,0,Hold
2023-03-06,1847.218,84,0,Hold
2023-03-07,1811.445,80,0,Hold
2023-03-08,1814.205,80,0,Hold
2023-03-09,1829.695,76,0,Hold
2023-03-10,1867.448,85,0,Hold
2023-03-13,1902.845,89,0,Hold
2023-03-14,1902.725,93,0,Hold
2023-03-15,1913.135,88,0,Hold
2023-03-16,1927.625,88,0,Hold
2023-03-17,1987.798,92,0,Hold
2023-03-20,1983.755,94,0,Hold
2023-03-21,1939.515,87,0,Hold
2023-03-22,1976.745,86,0,Hold
2023-03-23,1992.698,86,0,Hold
2023-03-24,1977.988,92,0,Hold
2023-03-27,1959.565,83,0,Hold
2023-03-28,1966.375,84,0,Hold
2023-03-29,1959.425,88,0,Hold
2023-03-30,1981.038,83,0,Hold
2023-03-31,1968.748,87,0,Hold
2023-04-03,1978.045,89,0,Hold
2023-04-04,2022.975,88,0,Hold
2023-04-05,2011.265,90,0,Hold
2023-04-06,2006.476,90,0,Hold
2023-04-07,2006.476,90,0,Hold
2023-04-10,1997.478,100,0,Hold
2023-04-11,2017.074,94,0,Hold
2023-04-12,2017.385,89,0,Hold
2023-04-13,2044.985,87,0,Hold
2023-04-14,2003.498,92,0,Hold
2023-04-17,2000.125,86,0,Hold
2023-04-18,2003.365,83,0,Hold
2023-04-19,1992.665,85,0,Hold
2023-04-20,2002.065,82,0,Hold
2023-04-21,1982.248,87,0,Hold
2023-04-24,1992.775,88,0,Hold
2023-04-25,1993.995,84,0,Hold
2023-04-26,1999.655,86,0,Hold
2023-04-27,1988.665,80,0,Hold
2023-04-28,1989.548,83,0,Hold
2023-05-01,1982.025,86,0,Hold
2023-05-02,2018.455,88,0,Hold
2023-05-03,2040.885,85,0,Hold
2023-05-04,2049.685,91,0,Hold
2023-05-05,2016.298,82,0,Hold
2023-05-08,2024.865,86,0,Hold
2023-05-09,2031.615,83,0,Hold
2023-05-10,2032.294,83,0,Hold
2023-05-11,2011.574,80,0,Hold
2023-05-12,2009.798,80,0,Hold
2023-05-15,2016.854,79,0,Hold
2023-05-16,1991.288,84,0,Hold
2023-05-17,1982.234,79,0,Hold
2023-05-18,1963.185,82,0,Hold
2023-05-19,1977.448,82,0,Hold
2023-05-22,1962.595,80,0,Hold
2023-05-23,1976.435,79,0,Hold
2023-05-24,1957.125,79,0,Hold
2023-05-25,1948.385,79,0,Hold
2023-05-26,1945.788,73,0,Hold
2023-05-30,1957.965,78,0,Hold
2023-05-31,1964.165,79,0,Hold
2023-06-01,1982.375,54,0,Hold
2023-06-02,1947.738,55,0,Hold
2023-06-05,1959.155,54,0,Hold
2023-06-06,1963.315,52,-1,Sell
2023-06-07,1946.275,54,0,Hold
2023-06-08,1963.745,54,0,Hold
2023-06-09,1960.798,54,0,Hold
2023-06-12,1961.945,56,0,Hold
2023-06-13,1949.185,54,0,Hold
2023-06-14,1934.785,54,0,Hold
2023-06-15,1956.575,56,0,Hold
2023-06-16,1957.358,55,0,Hold
2023-06-20,1936.888,56,0,Hold
2023-06-21,1932.555,55,0,Hold
2023-06-22,1912.345,54,0,Hold
2023-06-23,1920.388,56,0,Hold
2023-06-26,1928.365,69,0,Hold
2023-06-27,1915.028,65,0,Hold
2023-06-28,1905.355,63,0,Hold
2023-06-29,1908.225,71,1,Buy
2023-06-30,1919.538,72,0,Hold
2023-07-03,1922.945,95,0,Hold
2023-07-05,1918.098,74,0,Hold
2023-07-06,1911.085,62,0,Hold
2023-07-07,1923.838,59,0,Hold
2023-07-10,1926.615,89,0,Hold
2023-07-11,1938.385,64,0,Hold
2023-07-12,1960.205,72,0,Hold
2023-07-13,1962.445,96,0,Hold
2023-07-14,1954.748,61,0,Hold
2023-07-17,1959.695,81,0,Hold
2023-07-18,1975.425,57,0,Hold
2023-07-19,1985.055,58,0,Hold
2023-07-20,1970.045,54,0,Hold
2023-07-21,1961.428,54,-1,Sell
2023-07-24,1961.565,57,0,Hold
2023-07-25,1963.815,53,0,Hold
2023-07-26,1977.865,56,0,Hold
2023-07-27,1954.125,57,0,Hold
2023-07-28,1958.465,55,0,Hold
2023-07-31,1962.055,55,0,Hold
2023-08-01,1949.215,53,0,Hold
2023-08-02,1937.215,53,0,Hold
2023-08-03,1935.105,54,0,Hold
2023-08-04,1942.568,53,0,Hold
2023-08-07,1933.015,54,0,Hold
2023-08-08,1930.005,53,0,Hold
2023-08-09,1918.595,55,0,Hold
2023-08-10,1914.555,51,0,Hold
2023-08-11,1913.378,54,0,Hold
2023-08-14,1907.085,54,0,Hold
2023-08-15,1903.995,50,0,Hold
2023-08-16,1892.665,54,0,Hold
2023-08-17,1892.615,54,0,Hold
2023-08-18,1889.258,55,0,Hold
2023-08-21,1896.025,53,0,Hold
2023-08-22,1901.505,56,0,Hold
2023-08-23,1920.778,55,0,Hold
2023-08-24,1913.355,51,0,Hold
2023-08-25,1914.778,51,0,Hold
2023-08-28,1925.335,55,0,Hold
2023-08-29,1936.705,53,0,Hold
2023-08-30,1945.075,53,0,Hold
2023-08-31,1938.825,55,0,Hold
2023-09-01,1939.238,54,0,Hold
2023-09-05,1926.465,54,0,Hold
2023-09-06,1920.065,52,0,Hold
2023-09-07,1924.885,51,0,Hold
2023-09-08,1918.258,51,0,Hold
2023-09-11,1923.645,54,0,Hold
2023-09-12,1909.548,52,0,Hold
2023-09-13,1909.635,56,0,Hold
2023-09-14,1915.565,56,0,Hold
2023-09-15,1922.738,53,0,Hold
2023-09-18,1932.138,54,0,Hold
2023-09-19,1930.515,52,0,Hold
2023-09-20,1928.188,55,0,Hold
2023-09-21,1923.755,53,0,Hold
2023-09-22,1924.818,54,0,Hold
2023-09-25,1913.565,61,0,Hold
2023-09-26,1899.825,56,0,Hold
2023-09-27,1874.585,59,0,Hold
2023-09-28,1863.225,67,0,Hold
2023-09-29,1848.098,61,0,Hold
2023-10-02,1820.378,54,0,Hold
2023-10-03,1820.645,60,0,Hold
2023-10-04,1828.265,58,0,Hold
2023-10-05,1823.925,61,0,Hold
2023-10-06,1832.698,57,0,Hold
2023-10-10,1860.005,52,0,Hold
2023-10-11,1877.565,53,0,Hold
2023-10-12,1873.565,53,0,Hold
2023-10-13,1932.738,54,0,Hold
2023-10-16,1916.775,55,0,Hold
2023-10-17,1937.395,54,0,Hold
2023-10-18,1946.275,55,0,Hold
2023-10-19,1977.725,57,0,Hold
2023-10-20,1980.648,56,0,Hold
2023-10-23,1976.835,56,0,Hold
2023-10-24,1973.155,54,0,Hold
2023-10-25,1987.105,55,0,Hold
2023-10-26,1987.785,54,0,Hold
2023-10-27,2005.648,55,0,Hold
2023-10-30,1992.055,53,0,Hold
2023-10-31,1977.015,54,0,Hold
2023-11-01,1985.315,54,0,Hold
2023-11-02,1985.745,54,0,Hold
2023-11-03,1992.058,54,0,Hold
2023-11-06,1971.335,59,0,Hold
2023-11-07,1967.535,58,0,Hold
2023-11-08,1949.415,51,0,Hold
2023-11-09,1957.675,56,0,Hold
2023-11-13,1944.675,59,0,Hold
2023-11-14,1967.435,59,0,Hold
2023-11-15,1962.505,61,0,Hold
2023-11-16,1986.005,59,0,Hold
2023-11-17,1980.398,58,0,Hold
2023-11-20,1992.075,60,0,Hold
2023-11-21,1999.148,60,0,Hold
2023-11-22,1995.115,61,0,Hold
2023-11-24,2000.505,71,1,Buy
2023-11-27,2015.075,64,0,Hold
2023-11-28,2046.115,66,0,Hold
2023-11-29,2044.495,64,0,Hold
2023-11-30,2040.115,61,-1,Sell
2023-12-01,2071.668,61,0,Hold
2023-12-04,2032.205,71,1,Buy
2023-12-05,2021.925,68,0,Hold
2023-12-06,2025.995,66,0,Hold
2023-12-07,2031.425,63,0,Hold
2023-12-08,2004.418,66,-1,Sell
2023-12-11,1985.585,58,0,Hold
2023-12-12,1978.205,63,0,Hold
2023-12-13,2031.135,63,0,Hold
2023-12-14,2036.585,65,0,Hold
2023-12-15,2019.485,64,0,Hold
2023-12-18,2024.058,63,0,Hold
2023-12-19,2040.425,63,0,Hold
2023-12-20,2036.225,65,0,Hold
2023-12-21,2049.498,61,0,Hold
2023-12-22,2052.908,63,0,Hold
2023-12-26,2065.755,68,0,Hold
2023-12-27,2086.465,68,0,Hold
2023-12-28,2069.865,67,0,Hold
2023-12-29,2062.688,66,0,Hold
2024-01-02,2064.775,80,1,Buy
2024-01-03,2043.015,82,0,Hold
2024-01-04,2044.555,78,0,Hold
2024-01-05,2045.355,86,0,Hold
2024-01-08,2032.795,81,0,Hold
2024-01-09,2029.725,75,0,Hold
2024-01-10,2031.995,75,0,Hold
2024-01-11,2034.578,75,0,Hold
2024-01-12,2048.675,73,0,Hold
2024-01-16,2025.355,73,0,Hold
2024-01-17,2008.035,77,0,Hold
2024-01-18,2020.995,75,0,Hold
2024-01-19,2029.375,76,0,Hold
2024-01-22,2027.508,75,0,Hold
2024-01-23,2024.405,76,0,Hold
2024-01-24,2015.665,76,0,Hold
2024-01-25,2021.115,74,0,Hold
2024-01-26,2017.915,76,0,Hold
2024-01-29,2031.705,76,0,Hold
2024-01-30,2034.475,76,0,Hold
2024-01-31,2045.634,72,0,Hold
2024-02-01,2054.965,74,0,Hold
2024-02-02,2039.275,73,0,Hold
2024-02-05,2026.245,76,0,Hold
2024-02-06,2035.145,73,0,Hold
2024-02-07,2032.125,76,0,Hold
2024-02-08,2032.655,72,0,Hold
2024-02-09,2024.155,74,0,Hold
2024-02-12,2018.895,69,0,Hold
2024-02-13,1992.285,74,-1,Sell
2024-02-14,1991.945,77,1,Buy
2024-02-15,2003.555,78,0,Hold
2024-02-16,2013.055,78,0,Hold
2024-02-20,2030.765,84,0,Hold
2024-02-21,2028.745,81,0,Hold
2024-02-22,2025.995,82,0,Hold
2024-02-23,2035.215,79,0,Hold
2024-02-26,2033.675,80,0,Hold
2024-02-27,2030.118,83,0,Hold
2024-02-28,2035.048,82,0,Hold
2024-02-29,2045.425,80,0,Hold
2024-03-01,2082.395,78,0,Hold
2024-03-04,2115.815,92,0,Hold
2024-03-05,2126.115,85,0,Hold
2024-03-06,2158.115,88,0,Hold
2024-03-07,2157.625,100,0,Hold
2024-03-08,2178.965,88,0,Hold
2024-03-11,2177.385,88,0,Hold
2024-03-12,2159.045,80,0,Hold
2024-03-13,2172.165,79,0,Hold
2024-03-14,2164.478,79,0,Hold
2024-03-15,2155.625,81,0,Hold
2024-03-18,2161.445,80,0,Hold
2024-03-19,2159.765,77,0,Hold
2024-03-20,2202.695,78,0,Hold
2024-03-21,2173.675,79,0,Hold
2024-03-22,2165.055,75,0,Hold
2024-03-25,2170.225,80,0,Hold
2024-03-26,2177.635,75,0,Hold
2024-03-27,2194.715,78,0,Hold
2024-03-28,2232.698,78,0,Hold
2024-03-29,2232.698,79,0,Hold
2024-04-01,2251.485,81,0,Hold
2024-04-02,2284.985,83,0,Hold
2024-04-03,2299.015,83,0,Hold
2024-04-04,2276.595,80,0,Hold
2024-04-05,2328.195,85,0,Hold
2024-04-08,2343.855,78,0,Hold
2024-04-09,2351.225,83,0,Hold
2024-04-10,2343.825,89,0,Hold
2024-04-11,2384.105,85,0,Hold
2024-04-12,2343.285,99,0,Hold
2024-04-15,2387.818,90,0,Hold
2024-04-16,2381.605,83,0,Hold
2024-04-17,2374.735,84,0,Hold
2024-04-18,2391.235,84,0,Hold
2024-04-19,2390.295,90,0,Hold
2024-04-22,2302.465,86,0,Hold
2024-04-23,2327.815,83,0,Hold
2024-04-24,2313.075,84,0,Hold
2024-04-25,2334.565,80,0,Hold
2024-04-26,2337.245,80,0,Hold
2024-04-29,2329.054,88,0,Hold
2024-04-30,2284.075,82,0,Hold
2024-05-01,2319.395,79,0,Hold
2024-05-02,2302.345,80,0,Hold
2024-05-03,2301.175,84,0,Hold
2024-05-06,2324.775,84,0,Hold
2024-05-07,2316.925,80,0,Hold
2024-05-08,2312.235,80,0,Hold
2024-05-09,2353.255,79,0,Hold
2024-05-10,2360.175,81,0,Hold
2024-05-13,2343.008,80,0,Hold
2024-05-14,2360.238,78,0,Hold
2024-05-15,2388.595,79,0,Hold
2024-05-16,2377.755,80,0,Hold
2024-05-17,2414.525,81,0,Hold
2024-05-20,2413.665,84,0,Hold
2024-05-21,2413.904,81,0,Hold
2024-05-22,2372.365,77,0,Hold
2024-05-23,2330.495,77,0,Hold
2024-05-24,2333.405,78,0,Hold
2024-05-28,2358.045,78,0,Hold
2024-05-29,2334.268,76,0,Hold
2024-05-30,2343.595,80,0,Hold
2024-05-31,2326.995,76,0,Hold
2024-06-03,2345.578,38,0,Hold
2024-06-04,2337.048,35,0,Hold
2024-06-05,2368.328,35,0,Hold
2024-06-06,2380.085,35,-1,Sell
2024-06-07,2293.415,35,0,Hold
2024-06-10,2303.528,36,0,Hold
2024-06-11,2313.915,36,0,Hold
2024-06-12,2314.138,35,0,Hold
2024-06-13,2305.358,34,0,Hold
2024-06-14,2332.184,35,0,Hold
2024-06-17,2324.348,34,0,Hold
2024-06-18,2328.145,34,0,Hold
2024-06-20,2362.018,34,0,Hold
2024-06-21,2321.755,34,0,Hold
2024-06-24,2323.985,35,0,Hold
2024-06-25,2317.125,34,0,Hold
2024-06-26,2298.858,34,0,Hold
2024-06-27,2321.638,35,0,Hold
2024-06-28,2326.275,34,0,Hold
2024-07-01,2325.888,37,0,Hold
2024-07-02,2331.598,36,0,Hold
2024-07-03,2357.965,35,0,Hold
2024-07-05,2390.705,35,0,Hold
2024-07-08,2367.548,35,0,Hold
2024-07-09,2368.065,34,0,Hold
2024-07-10,2378.648,35,0,Hold
2024-07-11,2408.658,36,0,Hold
2024-07-12,2410.534,36,0,Hold
2024-07-15,2428.518,35,0,Hold
2024-07-16,2471.615,37,0,Hold
2024-07-17,2467.928,38,0,Hold
2024-07-18,2428.578,39,0,Hold
2024-07-19,2400.485,38,0,Hold
2024-07-22,2398.185,36,0,Hold
2024-07-23,2416.375,38,0,Hold
2024-07-24,2374.598,37,0,Hold
2024-07-25,2371.605,39,0,Hold
2024-07-26,2386.765,39,0,Hold
2024-07-29,2385.638,48,0,Hold
2024-07-30,2416.325,53,0,Hold
2024-07-31,2442.598,53,0,Hold
2024-08-01,2454.375,53,0,Hold
2024-08-02,2443.055,54,0,Hold
2024-08-05,2408.895,61,0,Hold
2024-08-06,2385.785,56,0,Hold
2024-08-07,2394.175,53,0,Hold
2024-08-08,2420.908,58,0,Hold
2024-08-09,2430.925,69,0,Hold
2024-08-12,2463.318,56,0,Hold
2024-08-13,2460.765,45,0,Hold
2024-08-14,2453.565,42,0,Hold
2024-08-15,2452.308,40,0,Hold
2024-08-16,2506.844,42,0,Hold
2024-08-19,2501.665,40,0,Hold
2024-08-20,2517.275,42,0,Hold
2024-08-21,2502.268,40,0,Hold
2024-08-22,2493.075,38,0,Hold
2024-08-23,2512.235,38,0,Hold
2024-08-26,2508.955,42,0,Hold
2024-08-27,2515.755,37,0,Hold
2024-08-28,2516.475,37,0,Hold
2024-08-29,2513.425,39,0,Hold
2024-08-30,2502.925,38,0,Hold
