Date,Gold,Gold Price
2020-01-02,87,1538.715
2020-01-03,87,1551.515
2020-01-06,91,1559.165
2020-01-07,86,1593.105
2020-01-08,88,1558.325
2020-01-09,82,1547.035
2020-01-10,81,1561.785
2020-01-13,82,1538.875
2020-01-14,80,1551.965
2020-01-15,84,1555.735
2020-01-16,84,1555.588
2020-01-17,79,1556.945
2020-01-21,79,1552.935
2020-01-22,77,1558.795
2020-01-23,77,1559.675
2020-01-24,80,1571.455
2020-01-27,80,1579.555
2020-01-28,78,1565.385
2020-01-29,79,1578.938
2020-01-30,79,1571.655
2020-01-31,82,1589.325
2020-02-03,77,1575.105
2020-02-04,82,1557.155
2020-02-05,77,1553.068
2020-02-06,80,1565.688
2020-02-07,79,1570.198
2020-02-10,83,1568.705
2020-02-11,78,1567.135
2020-02-12,78,1573.708
2020-02-13,79,1574.595
2020-02-14,78,1583.648
2020-02-18,82,1601.805
2020-02-19,80,1609.465
2020-02-20,84,1625.995
2020-02-21,88,1643.148
2020-02-24,100,1655.535
2020-02-25,92,1641.465
2020-02-26,85,1652.258
2020-02-27,88,1638.795
2020-02-28,94,1585.435
2020-03-02,86,1600.058
2020-03-03,81,1643.018
2020-03-04,83,1639.648
2020-03-05,84,1678.358
2020-03-06,88,1673.548
2020-03-09,100,1666.585
2020-03-10,83,1658.785
2020-03-11,79,1636.898
2020-03-12,85,1559.975
2020-03-13,88,1529.348
2020-03-16,87,1500.768
2020-03-17,82,1532.278
2020-03-18,82,1469.278
2020-03-19,79,1483.678
2020-03-20,76,1498.698
2020-03-23,75,1571.548
2020-03-24,84,1614.798
2020-03-25,80,1605.035
2020-03-26,80,1624.998
2020-03-27,82,1626.148
2020-03-30,78,1613.925
2020-03-31,72,1584.328
2020-04-01,74,1585.288
2020-04-02,71,1613.098
2020-04-03,72,1617.048
2020-04-06,74,1659.578
2020-04-07,73,1648.238
2020-04-08,74,1648.658
2020-04-09,76,1682.148
2020-04-10,83,1682.148
2020-04-13,77,1720.108
2020-04-14,79,1720.698
2020-04-15,79,1714.308
2020-04-16,82,1705.148
2020-04-17,84,1681.998
2020-04-20,78,1688.808
2020-04-21,83,1682.898
2020-04-22,87,1710.048
2020-04-23,84,1723.418
2020-04-24,82,1727.698
2020-04-27,85,1698.178
2020-04-28,81,1710.068
2020-04-29,84,1712.458
2020-04-30,82,1688.073
2020-05-01,90,1698.818
2020-05-04,82,1698.198
2020-05-05,85,1702.315
2020-05-06,80,1691.688
2020-05-07,83,1715.448
2020-05-08,82,1701.408
2020-05-11,82,1700.375
2020-05-12,86,1702.808
2020-05-13,86,1713.428
2020-05-14,86,1732.058
2020-05-15,88,1741.628
2020-05-18,89,1736.668
2020-05-19,85,1749.188
2020-05-20,87,1741.338
2020-05-21,86,1727.375
2020-05-22,85,1733.648
2020-05-26,81,1708.428
2020-05-27,81,1714.308
2020-05-28,78,1719.908
2020-05-29,80,1728.695
2020-06-01,70,1739.268
2020-06-02,66,1725.098
2020-06-03,70,1702.938
2020-06-04,68,1708.448
2020-06-05,71,1684.758
2020-06-08,71,1695.255
2020-06-09,74,1715.055
2020-06-10,75,1731.405
2020-06-11,78,1726.045
2020-06-12,70,1729.728
2020-06-15,72,1728.515
2020-06-16,74,1726.325
2020-06-17,75,1725.858
2020-06-18,71,1725.778
2020-06-19,73,1743.268
2020-06-22,72,1751.388
2020-06-23,75,1767.768
2020-06-24,75,1763.695
2020-06-25,74,1760.638
2020-06-26,73,1770.898
2020-06-29,73,1770.598
2020-06-30,72,1783.728
2020-07-01,73,1768.785
2020-07-02,75,1775.508
2020-07-06,75,1784.425
2020-07-07,76,1794.245
2020-07-08,81,1809.295
2020-07-09,79,1801.155
2020-07-10,78,1798.088
2020-07-13,75,1797.548
2020-07-14,73,1808.875
2020-07-15,73,1809.718
2020-07-16,77,1798.965
2020-07-17,81,1809.248
2020-07-20,81,1819.648
2020-07-21,81,1857.048
2020-07-22,82,1868.385
2020-07-23,82,1889.798
2020-07-24,94,1901.098
2020-07-27,97,1943.548
2020-07-28,100,1952.848
2020-07-29,97,1964.945
2020-07-30,90,1969.265
2020-07-31,87,1975.568
2020-08-03,84,1973.845
2020-08-04,92,2013.085
2020-08-05,94,2042.985
2020-08-06,91,2056.418
2020-08-07,92,2034.298
2020-08-10,87,2020.235
2020-08-11,89,1885.078
2020-08-12,83,1935.208
2020-08-13,82,1948.648
2020-08-14,79,1943.998
2020-08-17,86,1990.755
2020-08-18,81,1993.935
2020-08-19,81,1949.475
2020-08-20,79,1949.745
2020-08-21,76,1939.618
2020-08-24,74,1936.068
2020-08-25,75,1925.538
2020-08-26,74,1942.548
2020-08-27,73,1940.688
2020-08-28,73,1964.428
2020-08-31,75,1983.985
2020-09-01,72,1964.755
2020-09-02,76,1945.625
2020-09-03,75,1936.428
2020-09-04,75,1933.298
2020-09-08,71,1930.085
2020-09-09,72,1946.605
2020-09-10,72,1940.435
2020-09-11,68,1938.928
2020-09-14,70,1964.578
2020-09-15,69,1959.308
2020-09-16,69,1939.478
2020-09-17,74,1951.835
2020-09-18,70,1949.718
2020-09-21,74,1911.518
2020-09-22,72,1892.958
2020-09-23,74,1855.975
2020-09-24,75,1869.008
2020-09-25,73,1860.998
2020-09-28,72,1882.808
2020-09-29,73,1889.178
2020-09-30,71,1892.298
2020-10-01,72,1894.425
2020-10-02,70,1898.868
2020-10-05,69,1911.905
2020-10-06,74,1882.758
2020-10-07,70,1885.198
2020-10-08,67,1910.768
2020-10-09,75,1929.618
2020-10-13,73,1895.948
2020-10-14,70,1898.148
2020-10-15,70,1905.818
2020-10-16,74,1898.968
2020-10-19,71,1900.908
2020-10-20,72,1917.608
2020-10-21,74,1913.638
2020-10-22,74,1906.328
2020-10-23,74,1901.258
2020-10-26,68,1907.518
2020-10-27,71,1906.625
2020-10-28,72,1881.685
2020-10-29,74,1876.068
2020-10-30,70,1878.438
2020-11-02,70,1891.615
2020-11-03,65,1898.755
2020-11-04,46,1906.158
2020-11-05,56,1936.778
2020-11-06,59,1950.298
2020-11-09,75,1883.518
2020-11-10,71,1879.908
2020-11-12,73,1877.178
2020-11-13,78,1888.288
2020-11-16,79,1888.398
2020-11-17,76,1879.358
2020-11-18,77,1866.778
2020-11-19,78,1867.525
2020-11-20,75,1870.318
2020-11-23,81,1824.355
2020-11-24,81,1804.528
2020-11-25,84,1810.578
2020-11-27,89,1786.648
2020-11-30,82,1784.138
2020-12-01,82,1809.388
2020-12-02,85,1835.885
2020-12-03,85,1840.638
2020-12-04,84,1838.208
2020-12-07,83,1870.018
2020-12-08,78,1860.385
2020-12-09,81,1840.058
2020-12-10,77,1837.408
2020-12-11,78,1838.998
2020-12-14,79,1835.695
2020-12-15,77,1856.815
2020-12-16,80,1868.265
2020-12-17,79,1884.695
2020-12-18,83,1880.838
2020-12-21,71,1880.605
2020-12-22,78,1866.758
2020-12-23,79,1875.198
2020-12-24,78,1879.125
2020-12-28,83,1877.115
2020-12-29,80,1885.368
2020-12-30,78,1888.725
2020-12-31,78,1897.765
2021-01-04,83,1939.555
2021-01-05,85,1944.518
2021-01-06,80,1917.668
2021-01-07,79,1909.208
2021-01-08,89,1848.508
2021-01-11,82,1850.655
2021-01-12,80,1859.598
2021-01-13,85,1840.145
2021-01-14,81,1853.178
2021-01-15,84,1827.478
2021-01-19,87,1849.418
2021-01-20,86,1870.858
2021-01-21,86,1863.855
2021-01-22,88,1855.198
2021-01-25,81,1856.325
2021-01-26,85,1847.325
2021-01-27,85,1837.055
2021-01-28,88,1842.708
2021-01-29,88,1847.048
2021-02-01,97,1853.985
2021-02-02,84,1840.458
2021-02-03,88,1822.215
2021-02-04,90,1795.158
2021-02-05,87,1814.048
2021-02-08,83,1841.095
2021-02-09,84,1843.815
2021-02-10,83,1835.622
2021-02-11,84,1822.382
2021-02-12,83,1823.648
2021-02-16,81,1792.855
2021-02-17,84,1782.605
2021-02-18,82,1767.745
2021-02-19,85,1783.398
2021-02-22,88,1812.565
2021-02-23,81,1809.105
2021-02-24,84,1797.875
2021-02-25,82,1767.815
2021-02-26,85,1733.188
2021-03-01,87,1713.306
2021-03-02,82,1735.135
2021-03-03,88,1714.935
2021-03-04,86,1691.995
2021-03-05,87,1699.398
2021-03-08,85,1687.475
2021-03-09,84,1712.974
2021-03-10,81,1732.118
2021-03-11,83,1718.758
2021-03-12,82,1726.958
2021-03-15,77,1733.479
2021-03-16,87,1735.778
2021-03-17,93,1748.878
2021-03-18,87,1731.604
2021-03-19,89,1744.858
2021-03-22,84,1735.585
2021-03-23,80,1731.608
2021-03-24,84,1735.248
2021-03-25,81,1724.815
2021-03-26,81,1731.808
2021-03-29,78,1707.305
2021-03-30,79,1679.385
2021-03-31,82,1712.728
2021-04-01,80,1728.805
2021-04-02,81,1728.805
2021-04-05,79,1733.348
2021-04-06,77,1738.145
2021-04-07,79,1738.538
2021-04-08,80,1753.058
2021-04-09,81,1743.028
2021-04-12,84,1731.665
2021-04-13,79,1743.818
2021-04-14,81,1738.338
2021-04-15,83,1763.105
2021-04-16,81,1775.748
2021-04-19,81,1773.168
2021-04-20,77,1781.948
2021-04-21,78,1793.298
2021-04-22,85,1785.938
2021-04-23,78,1776.818
2021-04-26,82,1779.728
2021-04-27,86,1771.758
2021-04-28,81,1784.468
2021-04-29,82,1766.208
2021-04-30,77,1768.428
2021-05-03,84,1789.635
2021-05-04,81,1782.615
2021-05-05,82,1789.668
2021-05-06,84,1820.428
2021-05-07,82,1830.618
2021-05-10,78,1834.668
2021-05-11,85,1826.968
2021-05-12,85,1817.226
2021-05-13,85,1822.378
2021-05-14,86,1842.688
2021-05-17,86,1868.078
2021-05-18,82,1868.595
2021-05-19,85,1875.678
2021-05-20,83,1874.368
2021-05-21,86,1880.898
2021-05-24,82,1879.148
2021-05-25,81,1905.248
2021-05-26,82,1896.458
2021-05-27,80,1893.625
2021-05-28,82,1902.648
2021-06-01,82,1897.865
2021-06-02,45,1904.928
2021-06-03,44,1869.998
2021-06-04,47,1890.708
2021-06-07,46,1895.868
2021-06-08,46,1894.358
2021-06-09,45,1887.178
2021-06-10,44,1899.0
2021-06-11,45,1877.048
2021-06-14,46,1863.508
2021-06-15,46,1857.775
2021-06-16,47,1822.238
2021-06-17,47,1785.718
2021-06-21,45,1788.838
2021-06-22,46,1781.498
2021-06-23,47,1775.798
2021-06-24,44,1777.638
2021-06-25,43,1780.938
2021-06-28,44,1775.038
2021-06-29,42,1761.008
2021-06-30,46,1775.885
2021-07-01,46,1778.738
2021-07-02,46,1786.978
2021-07-06,45,1800.918
2021-07-07,44,1797.368
2021-07-08,45,1805.118
2021-07-09,47,1807.838
2021-07-12,60,1809.308
2021-07-13,53,1812.498
2021-07-14,57,1825.478
2021-07-15,56,1827.318
2021-07-16,58,1811.548
2021-07-19,65,1817.208
2021-07-20,54,1808.525
2021-07-21,57,1798.438
2021-07-22,49,1803.008
2021-07-23,48,1801.698
2021-07-26,76,1799.198
2021-07-27,72,1806.158
2021-07-28,68,1814.908
2021-07-29,78,1828.465
2021-07-30,87,1813.398
2021-08-02,100,1810.725
2021-08-03,64,1813.017
2021-08-04,63,1810.948
2021-08-05,62,1800.978
2021-08-06,68,1762.568
2021-08-09,61,1737.225
2021-08-10,50,1733.738
2021-08-11,47,1750.528
2021-08-12,44,1755.078
2021-08-13,46,1779.218
2021-08-16,50,1785.828
2021-08-17,45,1790.178
2021-08-18,48,1779.898
2021-08-19,45,1785.148
2021-08-20,46,1780.458
2021-08-23,45,1801.168
2021-08-24,42,1794.768
2021-08-25,45,1787.758
2021-08-26,43,1798.058
2021-08-27,45,1816.158
2021-08-30,44,1815.768
2021-08-31,43,1815.178
2021-09-01,44,1811.078
2021-09-02,42,1812.448
2021-09-03,42,1827.288
2021-09-07,42,1797.988
2021-09-08,45,1788.188
2021-09-09,43,1798.058
2021-09-10,44,1787.048
2021-09-13,46,1790.985
2021-09-14,46,1803.404
2021-09-15,46,1791.278
2021-09-16,46,1757.914
2021-09-17,49,1753.488
2021-09-20,47,1761.824
2021-09-21,45,1777.514
2021-09-22,48,1764.088
2021-09-23,47,1752.178
2021-09-24,47,1749.878
2021-09-27,46,1749.714
2021-09-28,48,1740.455
2021-09-29,49,1732.858
2021-09-30,45,1753.918
2021-10-01,49,1760.098
2021-10-04,46,1759.848
2021-10-05,46,1755.468
2021-10-06,48,1760.025
2021-10-07,47,1759.188
2021-10-08,48,1756.608
2021-10-12,48,1761.948
2021-10-13,47,1788.538
2021-10-14,47,1794.988
2021-10-15,48,1766.658
2021-10-18,46,1774.664
2021-10-19,46,1773.978
2021-10-20,49,1786.286
2021-10-21,52,1787.008
2021-10-22,48,1791.628
2021-10-25,56,1803.134
2021-10-26,56,1789.048
2021-10-27,54,1798.678
2021-10-28,52,1796.848
2021-10-29,51,1782.988
2021-11-01,50,1791.068
2021-11-02,49,1783.118
2021-11-03,43,1775.004
2021-11-04,46,1792.764
2021-11-05,46,1817.588
2021-11-08,53,1823.518
2021-11-09,48,1826.373
2021-11-10,48,1849.138
2021-11-12,50,1864.448
2021-11-15,50,1865.564
2021-11-16,49,1854.054
2021-11-17,49,1865.944
2021-11-18,46,1862.518
2021-11-19,46,1845.175
2021-11-22,51,1807.719
2021-11-23,50,1793.558
2021-11-24,50,1791.778
2021-11-26,56,1792.665
2021-11-29,53,1788.508
2021-11-30,52,1779.348
2021-12-01,51,1776.575
2021-12-02,50,1772.198
2021-12-03,51,1782.788
2021-12-06,52,1777.685
2021-12-07,50,1789.238
2021-12-08,55,1785.775
2021-12-09,47,1777.955
2021-12-10,49,1782.288
2021-12-13,49,1785.775
2021-12-14,48,1770.608
2021-12-15,49,1781.755
2021-12-16,48,1802.575
2021-12-17,49,1797.708
2021-12-20,48,1792.008
2021-12-21,48,1788.635
2021-12-22,46,1806.325
2021-12-23,48,1808.355
2021-12-27,49,1809.908
2021-12-28,47,1805.705
2021-12-29,46,1800.598
2021-12-30,46,1817.388
2022-01-03,76,1803.318
2022-01-04,84,1814.888
2022-01-05,76,1805.278
2022-01-06,62,1792.478
2022-01-07,79,1795.808
2022-01-10,71,1806.628
2022-01-11,75,1818.068
2022-01-12,72,1825.838
2022-01-13,80,1825.874
2022-01-14,62,1817.418
2022-01-18,66,1811.648
2022-01-19,68,1839.728
2022-01-20,71,1841.328
2022-01-21,72,1834.328
2022-01-24,93,1841.868
2022-01-25,70,1847.298
2022-01-26,68,1815.688
2022-01-27,67,1798.448
2022-01-28,76,1791.028
2022-01-31,73,1799.318
2022-02-01,73,1797.425
2022-02-02,74,1806.438
2022-02-03,77,1806.455
2022-02-04,78,1807.558
2022-02-07,83,1821.298
2022-02-08,86,1827.158
2022-02-09,92,1833.988
2022-02-10,82,1824.088
2022-02-11,99,1857.898
2022-02-14,83,1877.278
2022-02-15,87,1852.768
2022-02-16,84,1873.805
2022-02-17,92,1890.318
2022-02-18,88,1897.768
2022-02-22,86,1896.868
2022-02-23,81,1935.533
2022-02-24,90,1912.048
2022-02-25,83,1888.528
2022-02-28,88,1905.398
2022-03-01,83,1936.213
2022-03-02,83,1924.461
2022-03-03,80,1938.956
2022-03-04,83,1969.848
2022-03-07,94,1991.088
2022-03-08,94,2051.518
2022-03-09,92,1977.648
2022-03-10,88,1987.888
2022-03-11,86,1988.248
2022-03-14,84,1942.088
2022-03-15,85,1917.938
2022-03-16,85,1936.228
2022-03-17,84,1935.008
2022-03-18,81,1921.198
2022-03-21,80,1936.558
2022-03-22,80,1921.718
2022-03-23,81,1938.733
2022-03-24,82,1960.741
2022-03-25,80,1957.688
2022-03-28,78,1925.063
2022-03-29,77,1923.513
2022-03-30,81,1924.978
2022-03-31,82,1938.053
2022-04-01,79,1924.778
2022-04-04,77,1928.488
2022-04-05,78,1923.768
2022-04-06,76,1922.177
2022-04-07,75,1930.772
2022-04-08,83,1947.138
2022-04-11,73,1958.908
2022-04-12,79,1969.738
2022-04-13,74,1973.544
2022-04-14,76,1973.218
2022-04-15,78,1973.218
2022-04-18,78,1978.562
2022-04-19,78,1943.928
2022-04-20,74,1951.268
2022-04-21,76,1950.338
2022-04-22,77,1930.708
2022-04-25,76,1902.173
2022-04-26,77,1899.013
2022-04-27,79,1878.828
2022-04-28,77,1904.228
2022-04-29,79,1895.748
2022-05-02,76,1862.493
2022-05-03,78,1864.578
2022-05-04,75,1901.103
2022-05-05,74,1876.794
2022-05-06,76,1883.148
2022-05-09,76,1864.208
2022-05-10,75,1836.338
2022-05-11,79,1852.908
2022-05-12,76,1824.778
2022-05-13,74,1810.678
2022-05-16,73,1822.558
2022-05-17,71,1808.358
2022-05-18,72,1815.938
2022-05-19,74,1841.438
2022-05-20,76,1845.738
2022-05-23,75,1855.608
2022-05-24,74,1862.448
2022-05-25,70,1850.688
2022-05-26,70,1854.428
2022-05-27,70,1852.838
2022-05-31,73,1836.593
2022-06-01,70,1844.693
2022-06-02,76,1868.848
2022-06-03,85,1850.338
2022-06-06,77,1840.058
2022-06-07,81,1846.654
2022-06-08,82,1854.953
2022-06-09,80,1844.698
2022-06-10,84,1871.038
2022-06-13,87,1825.318
2022-06-14,89,1815.518
2022-06-15,87,1832.598
2022-06-16,83,1842.063
2022-06-17,84,1838.778
2022-06-21,83,1827.483
2022-06-22,83,1832.648
2022-06-23,81,1825.088
2022-06-24,79,1825.858
2022-06-27,82,1825.883
2022-06-28,81,1820.623
2022-06-29,83,1817.238
2022-06-30,80,1801.324
2022-07-01,82,1810.598
2022-07-05,83,1769.164
2022-07-06,85,1745.698
2022-07-07,85,1742.284
2022-07-08,83,1741.838
2022-07-11,85,1733.294
2022-07-12,87,1727.078
2022-07-13,86,1731.854
2022-07-14,88,1708.404
2022-07-15,87,1707.798
2022-07-18,86,1709.324
2022-07-19,85,1711.988
2022-07-20,83,1691.478
2022-07-21,87,1713.578
2022-07-22,87,1726.618
2022-07-25,89,1723.898
2022-07-26,86,1716.628
2022-07-27,84,1736.778
2022-07-28,86,1762.794
2022-07-29,84,1765.698
2022-08-01,84,1774.519
2022-08-02,85,1768.817
2022-08-03,83,1770.614
2022-08-04,84,1792.018
2022-08-05,83,1774.718
2022-08-08,89,1785.598
2022-08-09,85,1791.154
2022-08-10,81,1785.684
2022-08-11,84,1791.014
2022-08-12,87,1801.778
2022-08-15,87,1781.194
2022-08-16,80,1775.718
2022-08-17,84,1762.214
2022-08-18,82,1754.088
2022-08-19,83,1746.498
2022-08-22,87,1738.324
2022-08-23,82,1745.308
2022-08-24,77,1756.294
2022-08-25,80,1757.308
2022-08-26,85,1737.338
2022-08-29,83,1734.864
2022-08-30,85,1723.918
2022-08-31,82,1704.514
2022-09-01,83,1699.424
2022-09-02,83,1711.278
2022-09-06,81,1693.284
2022-09-07,81,1714.358
2022-09-08,73,1719.188
2022-09-09,72,1715.938
2022-09-12,83,1721.208
2022-09-13,78,1700.294
2022-09-14,84,1692.604
2022-09-15,86,1664.288
2022-09-16,85,1673.898
2022-09-19,84,1676.865
2022-09-20,83,1663.635
2022-09-21,80,1660.395
2022-09-22,81,1669.025
2022-09-23,84,1643.598
2022-09-26,82,1631.058
2022-09-27,78,1624.503
2022-09-28,75,1654.285
2022-09-29,79,1662.098
2022-09-30,81,1659.978
2022-10-03,82,1699.718
2022-10-04,83,1719.224
2022-10-05,81,1722.075
2022-10-06,82,1709.732
2022-10-07,82,1694.458
2022-10-11,80,1665.208
2022-10-12,82,1669.148
2022-10-13,83,1668.928
2022-10-14,84,1643.618
2022-10-17,83,1652.358
2022-10-18,84,1649.098
2022-10-19,84,1626.067
2022-10-20,76,1621.498
2022-10-21,82,1657.298
2022-10-24,81,1651.468
2022-10-25,80,1656.868
2022-10-26,85,1664.448
2022-10-27,81,1664.648
2022-10-28,73,1644.498
2022-10-31,77,1637.357
2022-11-01,78,1650.597
2022-11-02,83,1637.467
2022-11-03,81,1639.058
2022-11-04,84,1681.148
2022-11-07,86,1669.978
2022-11-08,79,1708.297
2022-11-09,74,1709.548
2022-11-10,84,1752.767
2022-11-14,84,1770.845
2022-11-15,80,1771.788
2022-11-16,82,1762.248
2022-11-17,83,1762.408
2022-11-18,85,1750.398
2022-11-21,86,1744.948
2022-11-22,79,1734.788
2022-11-23,83,1755.558
2022-11-25,99,1754.417
2022-11-28,92,1753.688
2022-11-29,86,1754.168
2022-11-30,85,1779.428
2022-12-01,91,1797.298
2022-12-02,88,1797.248
2022-12-05,92,1772.358
2022-12-06,86,1770.748
2022-12-07,92,1783.298
2022-12-08,88,1796.358
2022-12-09,89,1795.397
2022-12-12,93,1782.485
2022-12-13,87,1808.915
2022-12-14,91,1790.975
2022-12-15,86,1778.805
2022-12-16,91,1792.598
2022-12-19,91,1790.245
2022-12-20,90,1813.955
2022-12-21,87,1820.005
2022-12-22,85,1794.715
2022-12-23,87,1798.198
2022-12-27,95,1811.648
2022-12-28,93,1808.755
2022-12-29,92,1815.745
2022-12-30,91,1823.463
2023-01-03,77,1846.457
2023-01-04,82,1851.898
2023-01-05,81,1837.925
2023-01-06,81,1865.598
2023-01-09,82,1871.245
2023-01-10,79,1877.785
2023-01-11,80,1884.248
2023-01-12,82,1895.795
2023-01-13,81,1919.398
2023-01-17,82,1899.475
2023-01-18,79,1909.655
2023-01-19,85,1923.638
2023-01-20,81,1925.298
2023-01-23,79,1932.618
2023-01-24,83,1928.357
2023-01-25,79,1946.585
2023-01-26,82,1921.535
2023-01-27,84,1927.598
2023-01-30,80,1920.095
2023-01-31,79,1925.588
2023-02-01,82,1953.288
2023-02-02,81,1915.935
2023-02-03,85,1864.548
2023-02-06,81,1873.025
2023-02-07,83,1876.905
2023-02-08,79,1879.375
2023-02-09,82,1853.825
2023-02-10,81,1864.698
2023-02-13,74,1858.058
2023-02-14,78,1847.715
2023-02-15,78,1839.248
2023-02-16,79,1826.665
2023-02-17,82,1841.898
2023-02-21,76,1836.425
2023-02-22,77,1829.785
2023-02-23,76,1825.425
2023-02-24,79,1810.665
2023-02-27,80,1814.385
2023-02-28,77,1829.995
2023-03-01,79,1834.305
2023-03-02,76,1838.345
2023-03-03,78,1855.798
2023-03-06,84,1847.218
2023-03-07,80,1811.445
2023-03-08,80,1814.205
2023-03-09,76,1829.695
2023-03-10,85,1867.448
2023-03-13,89,1902.845
2023-03-14,93,1902.725
2023-03-15,88,1913.135
2023-03-16,88,1927.625
2023-03-17,92,1987.798
2023-03-20,94,1983.755
2023-03-21,87,1939.515
2023-03-22,86,1976.745
2023-03-23,86,1992.698
2023-03-24,92,1977.988
2023-03-27,83,1959.565
2023-03-28,84,1966.375
2023-03-29,88,1959.425
2023-03-30,83,1981.038
2023-03-31,87,1968.748
2023-04-03,89,1978.045
2023-04-04,88,2022.975
2023-04-05,90,2011.265
2023-04-06,90,2006.476
2023-04-07,90,2006.476
2023-04-10,100,1997.478
2023-04-11,94,2017.074
2023-04-12,89,2017.385
2023-04-13,87,2044.985
2023-04-14,92,2003.498
2023-04-17,86,2000.125
2023-04-18,83,2003.365
2023-04-19,85,1992.665
2023-04-20,82,2002.065
2023-04-21,87,1982.248
2023-04-24,88,1992.775
2023-04-25,84,1993.995
2023-04-26,86,1999.655
2023-04-27,80,1988.665
2023-04-28,83,1989.548
2023-05-01,86,1982.025
2023-05-02,88,2018.455
2023-05-03,85,2040.885
2023-05-04,91,2049.685
2023-05-05,82,2016.298
2023-05-08,86,2024.865
2023-05-09,83,2031.615
2023-05-10,83,2032.294
2023-05-11,80,2011.574
2023-05-12,80,2009.798
2023-05-15,79,2016.854
2023-05-16,84,1991.288
2023-05-17,79,1982.234
2023-05-18,82,1963.185
2023-05-19,82,1977.448
2023-05-22,80,1962.595
2023-05-23,79,1976.435
2023-05-24,79,1957.125
2023-05-25,79,1948.385
2023-05-26,73,1945.788
2023-05-30,78,1957.965
2023-05-31,79,1964.165
2023-06-01,54,1982.375
2023-06-02,55,1947.738
2023-06-05,54,1959.155
2023-06-06,52,1963.315
2023-06-07,54,1946.275
2023-06-08,54,1963.745
2023-06-09,54,1960.798
2023-06-12,56,1961.945
2023-06-13,54,1949.185
2023-06-14,54,1934.785
2023-06-15,56,1956.575
2023-06-16,55,1957.358
2023-06-20,56,1936.888
2023-06-21,55,1932.555
2023-06-22,54,1912.345
2023-06-23,56,1920.388
2023-06-26,69,1928.365
2023-06-27,65,1915.028
2023-06-28,63,1905.355
2023-06-29,71,1908.225
2023-06-30,72,1919.538
2023-07-03,95,1922.945
2023-07-05,74,1918.098
2023-07-06,62,1911.085
2023-07-07,59,1923.838
2023-07-10,89,1926.615
2023-07-11,64,1938.385
2023-07-12,72,1960.205
2023-07-13,96,1962.445
2023-07-14,61,1954.748
2023-07-17,81,1959.695
2023-07-18,57,1975.425
2023-07-19,58,1985.055
2023-07-20,54,1970.045
2023-07-21,54,1961.428
2023-07-24,57,1961.565
2023-07-25,53,1963.815
2023-07-26,56,1977.865
2023-07-27,57,1954.125
2023-07-28,55,1958.465
2023-07-31,55,1962.055
2023-08-01,53,1949.215
2023-08-02,53,1937.215
2023-08-03,54,1935.105
2023-08-04,53,1942.568
2023-08-07,54,1933.015
2023-08-08,53,1930.005
2023-08-09,55,1918.595
2023-08-10,51,1914.555
2023-08-11,54,1913.378
2023-08-14,54,1907.085
2023-08-15,50,1903.995
2023-08-16,54,1892.665
2023-08-17,54,1892.615
2023-08-18,55,1889.258
2023-08-21,53,1896.025
2023-08-22,56,1901.505
2023-08-23,55,1920.778
2023-08-24,51,1913.355
2023-08-25,51,1914.778
2023-08-28,55,1925.335
2023-08-29,53,1936.705
2023-08-30,53,1945.075
2023-08-31,55,1938.825
2023-09-01,54,1939.238
2023-09-05,54,1926.465
2023-09-06,52,1920.065
2023-09-07,51,1924.885
2023-09-08,51,1918.258
2023-09-11,54,1923.645
2023-09-12,52,1909.548
2023-09-13,56,1909.635
2023-09-14,56,1915.565
2023-09-15,53,1922.738
2023-09-18,54,1932.138
2023-09-19,52,1930.515
2023-09-20,55,1928.188
2023-09-21,53,1923.755
2023-09-22,54,1924.818
2023-09-25,61,1913.565
2023-09-26,56,1899.825
2023-09-27,59,1874.585
2023-09-28,67,1863.225
2023-09-29,61,1848.098
2023-10-02,54,1820.378
2023-10-03,60,1820.645
2023-10-04,58,1828.265
2023-10-05,61,1823.925
2023-10-06,57,1832.698
2023-10-10,52,1860.005
2023-10-11,53,1877.565
2023-10-12,53,1873.565
2023-10-13,54,1932.738
2023-10-16,55,1916.775
2023-10-17,54,1937.395
2023-10-18,55,1946.275
2023-10-19,57,1977.725
2023-10-20,56,1980.648
2023-10-23,56,1976.835
2023-10-24,54,1973.155
2023-10-25,55,1987.105
2023-10-26,54,1987.785
2023-10-27,55,2005.648
2023-10-30,53,1992.055
2023-10-31,54,1977.015
2023-11-01,54,1985.315
2023-11-02,54,1985.745
2023-11-03,54,1992.058
2023-11-06,59,1971.335
2023-11-07,58,1967.535
2023-11-08,51,1949.415
2023-11-09,56,1957.675
2023-11-13,59,1944.675
2023-11-14,59,1967.435
2023-11-15,61,1962.505
2023-11-16,59,1986.005
2023-11-17,58,1980.398
2023-11-20,60,1992.075
2023-11-21,60,1999.148
2023-11-22,61,1995.115
2023-11-24,71,2000.505
2023-11-27,64,2015.075
2023-11-28,66,2046.115
2023-11-29,64,2044.495
2023-11-30,61,2040.115
2023-12-01,61,2071.668
2023-12-04,71,2032.205
2023-12-05,68,2021.925
2023-12-06,66,2025.995
2023-12-07,63,2031.425
2023-12-08,66,2004.418
2023-12-11,58,1985.585
2023-12-12,63,1978.205
2023-12-13,63,2031.135
2023-12-14,65,2036.585
2023-12-15,64,2019.485
2023-12-18,63,2024.058
2023-12-19,63,2040.425
2023-12-20,65,2036.225
2023-12-21,61,2049.498
2023-12-22,63,2052.908
2023-12-26,68,2065.755
2023-12-27,68,2086.465
2023-12-28,67,2069.865
2023-12-29,66,2062.688
2024-01-02,80,2064.775
2024-01-03,82,2043.015
2024-01-04,78,2044.555
2024-01-05,86,2045.355
2024-01-08,81,2032.795
2024-01-09,75,2029.725
2024-01-10,75,2031.995
2024-01-11,75,2034.578
2024-01-12,73,2048.675
2024-01-16,73,2025.355
2024-01-17,77,2008.035
2024-01-18,75,2020.995
2024-01-19,76,2029.375
2024-01-22,75,2027.508
2024-01-23,76,2024.405
2024-01-24,76,2015.665
2024-01-25,74,2021.115
2024-01-26,76,2017.915
2024-01-29,76,2031.705
2024-01-30,76,2034.475
2024-01-31,72,2045.634
2024-02-01,74,2054.965
2024-02-02,73,2039.275
2024-02-05,76,2026.245
2024-02-06,73,2035.145
2024-02-07,76,2032.125
2024-02-08,72,2032.655
2024-02-09,74,2024.155
2024-02-12,69,2018.895
2024-02-13,74,1992.285
2024-02-14,77,1991.945
2024-02-15,78,2003.555
2024-02-16,78,2013.055
2024-02-20,84,2030.765
2024-02-21,81,2028.745
2024-02-22,82,2025.995
2024-02-23,79,2035.215
2024-02-26,80,2033.675
2024-02-27,83,2030.118
2024-02-28,82,2035.048
2024-02-29,80,2045.425
2024-03-01,78,2082.395
2024-03-04,92,2115.815
2024-03-05,85,2126.115
2024-03-06,88,2158.115
2024-03-07,100,2157.625
2024-03-08,88,2178.965
2024-03-11,88,2177.385
2024-03-12,80,2159.045
2024-03-13,79,2172.165
2024-03-14,79,2164.478
2024-03-15,81,2155.625
2024-03-18,80,2161.445
2024-03-19,77,2159.765
2024-03-20,78,2202.695
2024-03-21,79,2173.675
2024-03-22,75,2165.055
2024-03-25,80,2170.225
2024-03-26,75,2177.635
2024-03-27,78,2194.715
2024-03-28,78,2232.698
2024-03-29,79,2232.698
2024-04-01,81,2251.485
2024-04-02,83,2284.985
2024-04-03,83,2299.015
2024-04-04,80,2276.595
2024-04-05,85,2328.195
2024-04-08,78,2343.855
2024-04-09,83,2351.225
2024-04-10,89,2343.825
2024-04-11,85,2384.105
2024-04-12,99,2343.285
2024-04-15,90,2387.818
2024-04-16,83,2381.605
2024-04-17,84,2374.735
2024-04-18,84,2391.235
2024-04-19,90,2390.295
2024-04-22,86,2302.465
2024-04-23,83,2327.815
2024-04-24,84,2313.075
2024-04-25,80,2334.565
2024-04-26,80,2337.245
2024-04-29,88,2329.054
2024-04-30,82,2284.075
2024-05-01,79,2319.395
2024-05-02,80,2302.345
2024-05-03,84,2301.175
2024-05-06,84,2324.775
2024-05-07,80,2316.925
2024-05-08,80,2312.235
2024-05-09,79,2353.255
2024-05-10,81,2360.175
2024-05-13,80,2343.008
2024-05-14,78,2360.238
2024-05-15,79,2388.595
2024-05-16,80,2377.755
2024-05-17,81,2414.525
2024-05-20,84,2413.665
2024-05-21,81,2413.904
2024-05-22,77,2372.365
2024-05-23,77,2330.495
2024-05-24,78,2333.405
2024-05-28,78,2358.045
2024-05-29,76,2334.268
2024-05-30,80,2343.595
2024-05-31,76,2326.995
2024-06-03,38,2345.578
2024-06-04,35,2337.048
2024-06-05,35,2368.328
2024-06-06,35,2380.085
2024-06-07,35,2293.415
2024-06-10,36,2303.528
2024-06-11,36,2313.915
2024-06-12,35,2314.138
2024-06-13,34,2305.358
2024-06-14,35,2332.184
2024-06-17,34,2324.348
2024-06-18,34,2328.145
2024-06-20,34,2362.018
2024-06-21,34,2321.755
2024-06-24,35,2323.985
2024-06-25,34,2317.125
2024-06-26,34,2298.858
2024-06-27,35,2321.638
2024-06-28,34,2326.275
2024-07-01,37,2325.888
2024-07-02,36,2331.598
2024-07-03,35,2357.965
2024-07-05,35,2390.705
2024-07-08,35,2367.548
2024-07-09,34,2368.065
2024-07-10,35,2378.648
2024-07-11,36,2408.658
2024-07-12,36,2410.534
2024-07-15,35,2428.518
2024-07-16,37,2471.615
2024-07-17,38,2467.928
2024-07-18,39,2428.578
2024-07-19,38,2400.485
2024-07-22,36,2398.185
2024-07-23,38,2416.375
2024-07-24,37,2374.598
2024-07-25,39,2371.605
2024-07-26,39,2386.765
2024-07-29,48,2385.638
2024-07-30,53,2416.325
2024-07-31,53,2442.598
2024-08-01,53,2454.375
2024-08-02,54,2443.055
2024-08-05,61,2408.895
2024-08-06,56,2385.785
2024-08-07,53,2394.175
2024-08-08,58,2420.908
2024-08-09,69,2430.925
2024-08-12,56,2463.318
2024-08-13,45,2460.765
2024-08-14,42,2453.565
2024-08-15,40,2452.308
2024-08-16,42,2506.844
2024-08-19,40,2501.665
2024-08-20,42,2517.275
2024-08-21,40,2502.268
2024-08-22,38,2493.075
2024-08-23,38,2512.235
2024-08-26,42,2508.955
2024-08-27,37,2515.755
2024-08-28,37,2516.475
2024-08-29,39,2513.425
2024-08-30,38,2502.925
